content,score,review_cleaned,label
"suka berguna banget, program dan internalnya lebih fleksibel dipakai,bebas iklan,bug,ataupun lelet,enak ketika dijalankan & mengakses smua menu2nya. Tapi di sayangkan sering ketika dipakai terkadang agak"" sulit membukanya pas saat koneksi lagi buruk / tidak stabil, terkadang loadingnya lambat banget dan cuma berputar-putar saja. mungkin hal yang biasa terjadi di apps ini dan yang lain-lainnya sesuai pengalaman transaksi sukses,,masukan tuk perkembangannya dibenahi segala eror..",5,suka berguna banget program internalnya fleksibel dipakai bebas iklan lelet enak dijalankan mengakses smua menunya sayangkan dipakai terkadang sulit membukanya koneksi buruk stabil terkadang loadingnya lambat banget berputarputar apps lainlainnya sesuai pengalaman transaksi sukses masukan perkembangannya dibenahi eror,netral
"Terbaru sangat praktis,program dan internalnya lebih memadai di pakai,,bebas iklan,bug,ataupun lelet,cepat bila di jalankan dan mengakses semua menunya. Namun disayangkan pernah juga dipakai terkadang agak"" sulit membukanya pas saat koneksi lagi burik/kurang bagus,terkadang perputarannya lambat banget dan cuma berputar putar saja.mungkin cuma hal yang biasa terjadi di apps ini dan lain-lainnya sesuai pengalaman transaksi berhasil,,masukan untuk perkembangan nya dibenahi semua..",5,terbaru praktis program internalnya memadai pakai bebas iklan lelet cepat jalankan mengakses menunya disayangkan dipakai terkadang sulit membukanya koneksi burikkurang bagus terkadang perputarannya lambat banget berputar putar sajamungkin apps lainlainnya sesuai pengalaman transaksi berhasil masukan perkembangan dibenahi,netral
"Asliii sangat praktis,program dan internalnya lebih memadai di pakai,,bebas iklan,bug,ataupun lelet,cepat bila di jalankan dan mengakses semua menunya. Namun disayangkan pernah juga dipakai terkadang agak"" sulit membukanya pas saat koneksi lagi burik/kurang bagus,terkadang perputarannya lambat banget dan cuma berputar putar saja.mungkin cuma hal yang biasa terjadi di apps ini dan lain-lainnya sesuai pengalaman transaksi berhasil,,masukan untuk perkembangan nya dibenahi semua eror!!!!!",5,asli praktis program internalnya memadai pakai bebas iklan lelet cepat jalankan mengakses menunya disayangkan dipakai terkadang sulit membukanya koneksi burikkurang bagus terkadang perputarannya lambat banget berputar putar sajamungkin apps lainlainnya sesuai pengalaman transaksi berhasil masukan perkembangan dibenahi eror,netral
"Asli sangat praktis,program dan internalnya lebih memadai di pakai,,bebas iklan,bug,ataupun lelet,cepat bila di jalankan dan mengakses semua menunya. Namun disayangkan pernah juga dipakai terkadang agak"" sulit membukanya pas saat koneksi lagi burik/kurang bagus,terkadang perputarannya lambat banget dan cuma berputar putar saja.mungkin cuma hal yang biasa terjadi di apps ini dan lain-lainnya sesuai pengalaman transaksi berhasil,,masukan untuk perkembangan nya dibenahi semua.terimakasih !!!",5,asli praktis program internalnya memadai pakai bebas iklan lelet cepat jalankan mengakses menunya disayangkan dipakai terkadang sulit membukanya koneksi burikkurang bagus terkadang perputarannya lambat banget berputar putar sajamungkin apps lainlainnya sesuai pengalaman transaksi berhasil masukan perkembangan dibenahi semuaterimakasih,netral
"Asli sangat praktis,program dan internalnya lebih memadai di pakai,,bebas iklan,bug,ataupun lelet,cepat bila di jalankan dan mengakses semua menunya. Namun disayangkan pernah juga dipakai terkadang agak"" sulit membukanya pas saat koneksi lagi burik/kurang bagus,terkadang perputarannya lambat banget dan cuma berputar putar saja.mungkin cuma hal yang biasa terjadi di apps ini dan lain-lainnya sesuai pengalaman transaksi berhasil,,masukan untuk perkembangan nya dibenahi semua.terimakasih",5,asli praktis program internalnya memadai pakai bebas iklan lelet cepat jalankan mengakses menunya disayangkan dipakai terkadang sulit membukanya koneksi burikkurang bagus terkadang perputarannya lambat banget berputar putar sajamungkin apps lainlainnya sesuai pengalaman transaksi berhasil masukan perkembangan dibenahi semuaterimakasih,netral
"Asli sangat praktis,program dan internalnya lebih memadai di pakai,,bebas iklan,bug,ataupun lelet,cepat bila di jalankan dan mengakses semua menunya. Namun disayangkan pernah juga dipakai terkadang agak"" sulit membukanya pas saat koneksi lagi burik/kurang bagus,terkadang perputarannya lambat banget dan cuma berputar putar saja.mungkin cuma hal yang biasa terjadi di apps ini dan lain-lainnya sesuai pengalaman transaksi berhasil,,masukan untuk perkembangan nya dibenahi semua.terimakasih",5,asli praktis program internalnya memadai pakai bebas iklan lelet cepat jalankan mengakses menunya disayangkan dipakai terkadang sulit membukanya koneksi burikkurang bagus terkadang perputarannya lambat banget berputar putar sajamungkin apps lainlainnya sesuai pengalaman transaksi berhasil masukan perkembangan dibenahi semuaterimakasih,netral
"Bagus mayan praktis,program dan internalnya lebih memadai di pakai,,bebas iklan,bug,ataupun lelet,cepat bila di jalankan dan mengakses semua menunya. Namun disayangkan pernah juga dipakai terkadang agak"" sulit membukanya pas saat koneksi lagi burik/kurang bagus,terkadang perputarannya lambat banget dan cuma perputar putar saja.mungkin cuma hal yang biasa terjadi di apps ini dan lain-lainnya sesuai pengalaman transaksi berhasil,,masukan untuk perkembangan nya dibenahi semua eror!!!!!!!",5,bagus mayan praktis program internalnya memadai pakai bebas iklan lelet cepat jalankan mengakses menunya disayangkan dipakai terkadang sulit membukanya koneksi burikkurang bagus terkadang perputarannya lambat banget perputar putar sajamungkin apps lainlainnya sesuai pengalaman transaksi berhasil masukan perkembangan dibenahi eror,netral
"Asli mantep pool gan,program & internalnya lebih memadai digunakan,bebas iklan,bug, ataupun lelet. sip bila dijalankan dan mengakses semua fitur2nya. Tapi disayangkan pernah juga dipakai terkadang agak sulit membukanya pas saat koneksi lagi buruk / kurang bagus, terkadang perputarannya lambat yah dan cuma berputar-putar saja. mungkin cuma hal biasa terjadi di apps ini dan yang lain-lainnya sesuai pengalaman transaksi sukses,,masukan tuk perkembangannya dibenahi semua nya ya.oke deh",5,asli mantep pool program internalnya memadai bebas iklan lelet dijalankan mengakses fiturnya disayangkan dipakai terkadang sulit membukanya koneksi buruk bagus terkadang perputarannya lambat berputarputar apps lainlainnya sesuai pengalaman transaksi sukses masukan perkembangannya dibenahi yaoke,positif
"Bagus & praktis jugaharga,terjangkau, .programnya & internalnya lebih bekerja dgn oke,bebas iklan,bug,ataupun lelet,cepatlah ketika dijalankan & mengakses smua menu2nya.Tapi di sayangkan sering ketika dipakai terkadang agak"" sulit membukanya pas saat koneksi lagi jelek / tidak stabil, terkadang loadingnya lambat banget dan cuma berputar-putar saja. mungkin cuma hal yang biasa terjadi di apps ini dan yang lain-lainnya sesuai pengalaman transaksi sukses,,masukan tuk bagusnya dibenahi segalanya.",5,bagus praktis jugaharga terjangkau programnya internalnya bebas iklan lelet cepatlah dijalankan mengakses smua menunyatapi sayangkan dipakai terkadang sulit membukanya koneksi jelek stabil terkadang loadingnya lambat banget berputarputar apps lainlainnya sesuai pengalaman transaksi sukses masukan bagusnya dibenahi,positif
"Asli mantep pool gan,program & internalnya lebih memadai digunakan,bebas iklan,bug,ataupun lelet.sip bila di jalankan dan mengakses semua fitur"" nya.tapi disayangkan pernah juga di pakai terkadang agak sulit membukanya pas saat koneksi lagi buruk / kurang bagus,terkadang perputarannya lambat yah dan cuma berputar-putar saja.mungkin cuma hal biasa terjadi di apps ini dan yang lain-lainnya sesuai pengalaman transaksi sukses,,masukan tuk perkembangannya dibenahi semua nya ya!!!",5,asli mantep pool program internalnya memadai bebas iklan leletsip jalankan mengakses fitur nyatapi disayangkan pakai terkadang sulit membukanya koneksi buruk bagus terkadang perputarannya lambat berputarputar sajamungkin apps lainlainnya sesuai pengalaman transaksi sukses masukan perkembangannya dibenahi,positif
"Asli mantap lag gan,program & internalnya lebih memadai digunakan.bebas iklan,bug,ataupun lemot,sip bila dijalankan dan mengakses semua menu menu nya.namun di sayangkan pernah juga di pakai terkadang agak sulit membuka nya pas saat koneksi lagi buruk/kurang bagus,terkadang perputarannya lambat yah dan cuma berputar-putar saja.mungkin cuma hal itu biasa terjadi di apps ini dan yang lain-lainnya sesuai pengalaman transaksi sukses,masukan tuk baik nya tuk perkembangannya dibenahi semua nya !!!!!",5,asli mantap program internalnya memadai digunakanbebas iklan lemot dijalankan mengakses menu menu nyanamun sayangkan pakai terkadang sulit membuka koneksi burukkurang bagus terkadang perputarannya lambat berputarputar sajamungkin apps lainlainnya sesuai pengalaman transaksi sukses masukan perkembangannya dibenahi,positif
"Sampurasun NAU-NAU beraksi!!Asli mantap lah gan,program dan internalnya lebih memadai digunakan,bebas iklan,bug maupun lelet,sip bila digunakan dijalankan dan mengakses semua menu-menunya ,namun disayangkan pernah juga dipakai terkadang agak""sulit membukannya pas saat koneksi lagi buruk / kurang bagus.terkadang perputarannya lambat yah dan berputar-putar saja.mungkin cuma hal biasa terjadi diapps ini dan yang lain-lainnya sesuai pengalaman transaksi sukses.semoga kedepannya bisa dibenahi lagi",5,sampurasun naunau beraksi asli mantap program internalnya memadai bebas iklan lelet dijalankan mengakses menumenunya disayangkan dipakai terkadang sulit membukannya koneksi buruk bagusterkadang perputarannya lambat berputarputar sajamungkin diapps lainlainnya sesuai pengalaman transaksi suksessemoga kedepannya dibenahi,positif
"Aplikasi perbankan sangat keren. program & internalnya lebih bekerja dengan baik,bebas iklan,bug,atupun lelet,top ketika dijalankan & mengakses semua menu menu nya.tapi disayangkan sering ketika dipakai terkadang agak"" sulit membukanya pas saat koneksi lagi buruk / tidak stabil,terkadang loading nya lambat banget dan cuma berputar-putar saja.mungkin cuma hal biasa terjadi di apps ini dan yang lain-lainnya sesuai pengalaman transaksi sukses,,masukan tuk baiknya di benahi lagi ya.!!",5,aplikasi perbankan keren program internalnya bebas iklan atupun lelet dijalankan mengakses menu menu nyatapi disayangkan dipakai terkadang sulit membukanya koneksi buruk stabil terkadang loading lambat banget berputarputar sajamungkin apps lainlainnya sesuai pengalaman transaksi sukses masukan baiknya benahi,netral
"Terbaru sangat praktis,program dan internalnya lebih memadai di pakai,,bebas iklan,bug,ataupun lelet,cepat bila di jalankan dan mengakses semua menunya. Namun disayangkan pernah juga dipakai terkadang agak"" sulit membukanya pas saat koneksi lagi burik/kurang bagus,terkadang perputarannya lambat banget dan cuma berputar putar saja.mungkin cuma hal yang biasa terjadi di apps ini dan lain-lainnya sesuai pengalaman transaksi berhasil,,masukan untuk perkembangan nya dibenahi semua...",5,terbaru praktis program internalnya memadai pakai bebas iklan lelet cepat jalankan mengakses menunya disayangkan dipakai terkadang sulit membukanya koneksi burikkurang bagus terkadang perputarannya lambat banget berputar putar sajamungkin apps lainlainnya sesuai pengalaman transaksi berhasil masukan perkembangan dibenahi,netral
"Hati-hati dlm menggunakan Aplikasi ini, ketika Aplikasi Logout atau tertulis koneksi buruk sebaiknya jgn kita paksakan utk masuk kembali. pengalaman Sy ketika sedang mengadakan transaksi tiba-tiba Logout sendiri, sy paksakan utk tetap masuk malah tertulis koneksi buruk padahal waktu itu jaringan baik-baik saja. begitu Sy berhasil masuk kembali Saldo didalamnya Lenyap tak berbekas, Sy sudah hubungi CS dan mereka berjanji akan Mengatasi masalah Sy Namun sampai detik ini tdk ada realisasinya..",1,hatihati aplikasi aplikasi logout tertulis koneksi buruk paksakan masuk pengalaman mengadakan transaksi tibatiba logout paksakan masuk tertulis koneksi buruk jaringan baikbaik berhasil masuk saldo didalamnya lenyap berbekas hubungi berjanji mengatasi detik realisasinya,negatif
Dulu normal tapi sekarang parah bener aplikasinya sering error tidak bisa masuk katanya jaringan jelek padahal baik2 aja... susah di andalkan apalagi saat urgent. 1 hari kadang harus nunggu smpe mlm ato sebaliknya baru bisa login...,1,normal parah aplikasinya error masuk jaringan jelek susah andalkan urgent kadang nunggu smpe,negatif
"kalo menurut gw sih tentang sea bank inih, ini bank paling mudah dan praktis jika dibandingkan dengan aplikasi bankÂ² lain..ya jadi intinya menurut gw tuhh bank paling mudah dan praktis ya cuma ini dia sea bank...""highest point of the bank!""",5,inih mudah praktis dibandingkan aplikasi intinya tuhh mudah praktis highest point,positif
Akun tdk bisa digunakan. Login bisa tp stelah login eror tidak bisa di klik. Kejadian ini setelah ada dana masuk dari org yg tidak dikenal berjumlah 400rb. Tolong ini dipulihkan dan tindak segera dong. Sy jg udah melapor di email.,1,akun stelah eror klik kejadian dana masuk dikenal tolong dipulihkan tindak melapor email,negatif
"kenapa seabank saya tidak bisa dibuka padahal saya sudah buat pin yg benar,malah setelah mengetik pin dgn benar keluar tulisan.""unexpected error occured"" mau dibuat lupa pin malah jawaban nya ""mohon maaf ada terjadi kesalahan"" itu kenapa ya? tiba2 loh gak bisa dibuka. tolong dong pihak seabank saya perlu uang nya di dalam,tolong dong buka lagi apk seabank nya saya perlu",1,dibuka mengetik tulisan unexpected error occured lupa mohon maaf kesalahan dibuka tolong uang tolong buka,negatif
"respon cs gajelas, gue gbisa login karna harus masukin otp, sedangkan kartu gue ilang dan minta verifikasi otp lewat email yang udh tertera, di anjurkan untuk vermuk juga udh sama kirim data sesuai KTP juga udh, di anjurkan lagi buat tlpn cs setelah vermuk tapi pas di tlpn selalu gabisa jaringan sibuk terus, sebenernya niat bantu ga ya? respon yang gue dpt selalu bgitu sampe gue kena blokir karna banyak permintaan!, mau nya apa ya ini cs seabank? itu uang yang ada di rekening saya buat berobat!",1,respon gajelas gbisa karna masukin kartu ilang verifikasi email tertera anjurkan vermuk kirim data sesuai anjurkan tlpn vermuk tlpn jaringan sibuk sebenernya niat bantu respon bgitu sampe kena blokir karna permintaan uang rekening berobat,negatif
"ga bisa login, sudah masukan pin selalu ada notif terlalu banyak melakukan percobaan masuk & ada opsi reset pin+batalkan, padahal baru sekali masukan pin untuk login. sdh coba reset pin dengan verifikasi ulang sukses & diminta login lagi,tapi begitu login keluar notif seperti td & diminta reset ulang..sdh dilakukan clear cache smp instal ulang aplikasinya tapi ttp aja error ga bisa login",3,masukan notif percobaan masuk opsi reset pinbatalkan masukan coba reset verifikasi ulang sukses notif reset ulang clear cache instal ulang aplikasinya error,negatif
saya suka karena ada bebas biaya transfer tidak seperti bank lainnya yang kena biaya transfer dan biaya admin coba bayangin klu nasabahnya 1000 dikali 5000 biaya admin dah 5000000 tanpa ngapa2 in.belum lagi potongan penghasilan kena pajak bisa2 uang g di gunakan klu seperti itu biayanya mahal klu menggunakan uang lebih baik barter saja sesuai kebutuhan tp dengan sea bank ringan g ada biaya sebagai kaum buruh saya senang transaksi lewat sea bank,5,suka bebas biaya transfer kena biaya transfer biaya admin coba bayangin nasabahnya dikali biaya admin ngapa inbelum potongan penghasilan kena pajak uang biayanya mahal uang barter sesuai kebutuhan ringan biaya kaum buruh senang transaksi,positif
"aplikasi yg bagus berguna untuk bayar bayar, simpan uang biar gk boros, ada pinjaman juga, cuma akun saya tidak terpilih supaya bisa mengajukan pinjaman, semoga kdepan bisa secepatnya.",3,aplikasi bagus berguna bayar bayar simpan uang biar boros pinjaman akun terpilih mengajukan pinjaman semoga kdepan secepatnya,netral
"min, error min. mau buka aplikasi gk masuk loading terus. tolonglah segera perbaiki, padahal pake wifi loh. sempet sama errornya di Sh*pee, sekarang di sh*pee udah normal",4,error buka aplikasi masuk loading tolonglah perbaiki pake wifi sempet errornya normal,negatif
"daftar nya ribet susah mau dapet nomer rekening nya juga,suruh masukin ktp tapi pemberitahuan nya bilang nomer nik sudah terdaftar,tapi nomer rekening ga ada aplikasi eror",1,daftar ribet susah dapet nomer rekening suruh masukin pemberitahuan bilang nomer terdaftar nomer rekening aplikasi eror,negatif
"Sea bank saya tidak masuk smpai sekarang, pelayannya buruk, kata katanya templet ,saya sudah lapor tapi tidak ada tindakan, saldo saya tertahan sampai sekarang, saya tidak bisa gunakan saldo saya, saya udah cape lapor lewat Gmail dan tlpon tapi masalahnya tidak atasi, saya kecewa banget, saya nyesal nabung disini, saya tidak akan hapus komen sampai sea bank saya bisa lagi, saya minta transfer uang saya ,tapi tidak bisa, saya udah bilang saya ga butuh rekeningnya lagi tapi butuh uang saja ajaðŸ˜¡",1,masuk smpai pelayannya buruk templet lapor tindakan saldo tertahan saldo cape lapor gmail tlpon atasi kecewa banget nyesal nabung hapus komen transfer uang bilang butuh rekeningnya butuh uang,negatif
"aduh susah digeser lagi kenapa sih nih apliaksi errorr Mulu heran deh gw, baikin dong saya mau scan nih gimana sih sudah ku update masih aja susah dibuka gimana sih ini aplikasi perbaiki dong ,,pagi ini sayaa mau buka sebank,, kenapa susah terus ya,,saya mau transfer ini,, kenapa ellor trs sih elloor trss padahal baru update",1,aduh susah digeser apliaksi errorr mulu heran baikin scan gimana update susah dibuka gimana aplikasi perbaiki pagi sayaa buka sebank susah transfer ellor elloor trss update,negatif
dulu aplikasi ini bagus sekarang jelek setiap mau pencairan pinjaman walaupun cuma 1juta saja gagal terus harus menunggu lagi 30hari sudah bisa diklik gagal lgi harus nunggu lagi apaan coba bikin mumet,2,aplikasi bagus jelek pencairan pinjaman juta gagal menunggu diklik gagal nunggu coba bikin mumet,negatif
"flexible banget,,bisa buat bayar ini itu,,transfer ke lain bank bnyaaak,tanpa biaya admin,,ada Seabank pinjamnya pula,,, saran aja untuk pmbayaran Seabank pinjamnya mungkin sblm jtuh tempo bisa dbayar sebagian dan ada opsi plunasan bisa sbgian bulan gk hrus seluruhnya..",5,flexible banget bayar transfer bnyak biaya admin pinjamnya saran pmbayaran pinjamnya sblm jtuh tempo dbayar opsi plunasan sbgian hrus,positif
"di saat mau membuka rekening, rekening malah hilang dan saat mendaftar ulang timbul tulisan nik sudah terdaftar, padahal nomor handphone masih yang sebelumnya waktu mendaftar, begitupun KTP nya, bilangnya maaf aja, uang saya hilang 350k walaupun nominalnya sedikit, tapi susah mencari uang segituðŸ˜¡ðŸ¤¬ðŸ¤¬ðŸ¤¬ðŸ¤¬ðŸ¤¬ðŸ˜¡ðŸ¤¬ðŸ˜¡ðŸ¤¬ðŸ˜¡ðŸ¤¬ðŸ˜¡ðŸ¤¬ðŸ˜¡ðŸ¤¬, aplikasi yang sangat tidak efisien",1,membuka rekening rekening hilang mendaftar ulang timbul tulisan terdaftar nomor handphone mendaftar bilangnya maaf uang hilang nominalnya susah mencari uang segitu aplikasi efisien,negatif
"Jelek banget aplikasinya ,saya beli token PLN kenapa ga bisa dibuka mutasi pembeliannya,sedangkan uangnya sudah terpotong dari saldonya,kan kalau untuk PLN harus ada nomer yg harus dimasukin,kalau ga bisa kebuka gimana caranya... Mengecewakan sekali ga bermutu banget sih ,,tolong belajar dari aplikasi yg lain.!!!",1,jelek banget aplikasinya beli token dibuka mutasi pembeliannya uangnya terpotong saldonya nomer dimasukin kebuka gimana mengecewakan bermutu banget tolong belajar aplikasi,negatif
"Asli banget sangat berguna aplikasi ini untuk pembayaran transaksi dimana bisa, Tidak lemot leg ataupun berputa-putar. Sangat recomended banget dah aplikasi ini soalnya dalam satu genggaman kita bisa pembayaran transaksi dimana saja. untuk saat ini yang belum mempunyai aplikasi seabank segera download banyak promo-promo menarik lainnya dan bonus pula yang diberikannya semoga bermanfaat.",5,asli banget berguna aplikasi pembayaran transaksi dimana lemot berputaputar recomended banget aplikasi genggaman pembayaran transaksi dimana aplikasi download promopromo menarik bonus semoga bermanfaat,positif
"mantap Alhamdulillah. sekarang ini Zamannya udah pada canggih, bayar/gajian pun kebanyakan dari Hp. mudah-mudahan SeaBank tetep teguh dan Istiqomah memberi layanan terbaik untuk penggunanya Terima Kasih SeaBankðŸ™",5,mantap alhamdulillah zamannya canggih bayargajian kebanyakan mudahmudahan tetep teguh istiqomah layanan terbaik penggunanya terima kasih,positif
"aplikasi macam apa ini, jaringan udah bagus, hp mendukung android 12, eeeh malah dibilang PERIKSA KONEKSI INTERNET dibilang jaringan tidak stabil aplikasi lo yang tidak stabil jaringan aja gw main gem itu bisa 60-80ms ehh serta di aplikasi tertulis Periksa koneksi internet ehh lokira jaringan gw jelek apa, apa gw harus ke jepang baru bisa terbuka? atau ke singapure?, perbaiki lagi aplikasi lo bukan gw yang harus periksa jaringan gw, buat kalian yah jangan download dah buang buang waktu",1,aplikasi jaringan bagus mendukung android dibilang periksa koneksi internet dibilang jaringan stabil aplikasi stabil jaringan main aplikasi tertulis periksa koneksi internet lokira jaringan jelek jepang terbuka singapure perbaiki aplikasi periksa jaringan download buang buang,negatif
"aplikasi SeaBank jenis aplikasi perbankan yang telah diawasi oleh Bank Indonesia dan OJK sangat memudahkan kita menyimpan uang dan bertransaksi dan investasi dalam mesin digital yang biasa orang gunakan ,tapi kelemahannya jika tidak ada jaringan internet atau disaat hp tidak terisi daya dan kendala jaringan yang rusak atau hp error ,ngelag karena sudah penuh memorinya dan mungkin juga terjadi salah Pin hingga berulang atau hp hilang ,sudah tidak tahu apa yang bakalan terjadi",5,aplikasi jenis aplikasi perbankan diawasi indonesia memudahkan menyimpan uang bertransaksi investasi mesin digital orang kelemahannya jaringan internet disaat terisi daya kendala jaringan rusak error ngelag penuh memorinya salah berulang hilang,positif
"bikin akun aja kode OTP dah 2 hari ga masuk"", udah dicoba sekitar 4x per hari masih aja ga ada yang masuk.. internet udah coba pake data sama wifi, sempet ditinggal main game karena frustasi dan gamenya lancar jaya padahal lumayan berat, yutup juga lancar koneksinya resolusi 1080p. cs dihubungi juga ga guna sama sekali, cuman muter"" aja pencet 1 lah pencet 2 lah, gitu"" terus ga jelas banget!!,, coba hire cs manusia biar jelas.. minimal bisa chat langsung, ga harus telpon. tolong kali ni direspon",1,bikin akun kode masuk dicoba masuk internet coba pake data wifi sempet ditinggal main game frustasi gamenya lancar jaya lumayan berat yutup lancar koneksinya resolusi dihubungi cuman muter pencet pencet gitu banget coba hire manusia biar minimal chat langsung telpon tolong direspon,negatif
"kecewa lah, biasanya ga pernh malah di waktu yang Urgent malah mengecewakan, transaksi QR penerima tidak menerima saldo, giliran di QR kedua penerima baru Nerima saldo,lalu saldo QR pertama kmn?saya membutuhkan nya karena URGENT,kena potong gaji karena Transaksi berhasil tapi penerima tidak menerima dana tersebut",1,kecewa pernh urgent mengecewakan transaksi penerima menerima saldo giliran penerima nerima saldo saldo membutuhkan urgent kena potong gaji transaksi berhasil penerima menerima dana,negatif
"kacau nih seabank setiap kali beli paket data pasti dikorupsi, misal beli paket data TRI 5GB dapetnya cuma 4GB, beli 3GB dapetnya 2GB. sama di shopeepay juga gitu sama2 satu perusahaan tapi korupsi kuota data. Padahal kalau beli langsung dari aplikasi Bima Trinya gak ada Potongan data yang saya sebutkan seperti diatas !!!",1,kacau beli paket data dikorupsi beli paket data dapetnya beli dapetnya shopeepay gitu perusahaan korupsi kuota data beli langsung aplikasi bima trinya potongan data sebutkan diatas,negatif
"Sangat buruk. Saya sudah menghubungi customer servis untuk meminta bantuan atas akun saya yang tidak bisa di buka, sedangkan di dalamnya masih ada sisa saldo saya !!!!!! Saya sudah menghubungi habis pulsa daya saja tapi tidak membantu masalah akun saya !!!!  Akun saya tetap tidak bisa di buka !!!! Sea bank benar menipu !!!!! Saya akan beri rating buruk agar orang2 tau kalo seabank tidak membantu dan hanya menipu nasabah pengguna seabank!!!!",1,buruk menghubungi customer servis bantuan akun buka dalamnya sisa saldo menghubungi habis pulsa daya membantu akun akun buka menipu rating buruk orang membantu menipu nasabah pengguna,negatif
"Seabank Penipu, saya dapat sms katanya suruh download aplikasi trus masukan refferal dapet bonus 100K, tapi nyatanya setelah daftar ga dapat apa2, di pesan jelas tertulis dapat bonus 100K hanya daftar. saya kecewa dengan promosi yg setengah2, memancing nasabah baru dengan iming2 bonus palsu",1,penipu suruh download aplikasi trus masukan refferal dapet bonus daftar pesan tertulis bonus daftar kecewa promosi memancing nasabah iming bonus palsu,negatif
"Sigh! Apalah mau login dipersulit, susah dapet kode otp, sama server sering eror nggak bisa masuk aplikasi. kalau aplikasinya bermasalah jadi ragu nyimpen duit disini. dan mana 200k yang kau janjikan untuk pengguna baru!?",1,sigh apalah dipersulit susah dapet kode server eror masuk aplikasi aplikasinya bermasalah ragu nyimpen duit janjikan pengguna,negatif
"Aplikasinya menyusahkan sekali, saya butuh izin aksesibilitas untuk navigasi device yg saya gunakan, malah di aplikasi dipaksa suruh hapus atau dinonaktifkan. Banyak app banking serta ewalet lain tidak mempersulit seperti ini. Kalau bukan karena Shopee, saya tidak akan memakai aplikasi ini.",1,aplikasinya menyusahkan butuh izin aksesibilitas navigasi device aplikasi dipaksa suruh hapus dinonaktifkan banking ewalet mempersulit shopee memakai aplikasi,negatif
"Verifikasi Wajah tiba tiba di blokir sementara. sudah telfon CS tidak dapat di hubungi, by e-mail gk di respons. live chat juga gk bisa, DM ig juga tdk ada solusi. mengecewakan. masih ada saldo saya belom tak tarik",1,verifikasi wajah blokir telfon hubungi email respons live chat solusi mengecewakan saldo belom tarik,negatif
tolong perbaiki cara masuk keluar aplikasi kurang aman karena ketika kita keluar aplikasi masih mengizinkan kita masuk tanpa pasword pin ini bahaya banget buat k bobolan tolong update aplikasi soalnya bahaya pencurian perbaiki ketika kita keluar app buat otomatis terkunci dan masukan lagi pin tanpa harus pencet back baru closing aplikasinya hrs automatic lock apabila keluar aplikasi secara sengaja mau pun tidak.perbaiki segera,3,tolong perbaiki masuk aplikasi aman aplikasi mengizinkan masuk pasword bahaya banget bobolan tolong update aplikasi bahaya pencurian perbaiki otomatis terkunci masukan pencet back closing aplikasinya automatic lock aplikasi sengaja tidakperbaiki,netral
"jujur apk paling no ribet kalau soal pembayaran gaada masalah selama 1 thn lebih, hanya saja kurang fitur berguna, tambahin dong seperti tabungan, atau bisa mengatur uang contohnya khusus untuk belanja dan pendidikan atau sejenisnya, berguna banget buat anak kost jadi biar gak kepake semua duitnya",5,jujur ribet pembayaran gaada fitur berguna tambahin tabungan mengatur uang contohnya khusus belanja pendidikan sejenisnya berguna banget anak kost biar kepake duitnya,netral
Aplikasi yang memudahkan ditengah gempuran digitalisasi. Sea Bank salah satu yang bisa diandalkan ketika banyak tagihan dan kebutuhan untuk dibayar secara cepat dan praktis tanpa ribet banyak biaya admin. Sukses selalu untuk Sea Bank,5,aplikasi memudahkan ditengah gempuran digitalisasi salah diandalkan tagihan kebutuhan dibayar cepat praktis ribet biaya admin sukses,positif
"Bintamg 1 yah.... Sy instal & buka rek ini krn pengen buktiin SMS Iklan Seabank yg tiap hari masuk ; 'Terpilih mendapatkan saldo 100rb"" Ternyata Mas2/Mbak2 kudu setoran awal sejuta dl, lalu d tahan selama seminggu br kemudiand kasih bonus saldo capek...eh cepek . Well, akhirnya ga trtarik menjadi pengguna tetap jg, coz blm apa2 udh ngrasa dibo'ongin sm iklanx. Thanks ðŸ˜…",1,bintamg instal buka pengen buktiin iklan masuk terpilih saldo masmbak kudu setoran sejuta tahan seminggu kemudiand kasih bonus saldo capek cepek well trtarik pengguna ngrasa diboongin iklanx thanks,negatif
"aplikasi yang sangat Bagus, simpel, cocok bgt buat Gen Z. cara daftarnya mudah dan ga ribet, mau tarik saldo bisa di indomaret gratis maks 3 kali perbulan, gratis kirim saldo kemana aja. Pokoknya idaman GEN Z banget",5,aplikasi bagus simpel cocok banget daftarnya mudah ribet tarik saldo indomaret gratis maks perbulan gratis kirim saldo kemana pokoknya idaman banget,positif
"kecewa sama aplikasi ini kemarin saya simpan uang 500 sisa 476. langsung saya tarik karena kepotong 24 ribu hari ini kawan saya transfer 519.000 yg masuk hanya 500 rbu. padahal jelas"" bukti riwayat uang masuk 519.000 yg ada hanya 500 ðŸ¥²ðŸ˜­ kecewa sekali",1,kecewa aplikasi kemarin simpan uang sisa langsung tarik kepotong ribu kawan transfer masuk bukti riwayat uang masuk kecewa,negatif
"aplikasi sangat buruk, transaksi gantung uang sudah kepotong diriwayat transaksi juga sudah namun belum ada masuk ke rekening penerima, mnta penyelesaian CS ga ada ngasih solusi apa apa tolong itikad baiknya dsri pihak bank",1,aplikasi buruk transaksi gantung uang kepotong diriwayat transaksi masuk rekening penerima mnta penyelesaian ngasih solusi tolong itikad baiknya dsri,negatif
sebenarnya sangat membantu dalam transaksi keuangan. trlebih dlm trnsfr uang nominal kecil hemat gratis. hanya saja dlm keadaan urgent tuk tarik tunai hanya bisa di Indomart. itu juga sy sudah beberapa kali ditolak dgn alasan hrs menunggu petugas 1 lagi Krn prlu 2 pin tuk membuka kas. tolong tuk manajemen pengembang seabank segera diberi solusi tuk tarik tunai nya ditambah & dipermudah. jika ini masih brlangsung terus begini (hanya di Indomart saja) maka trpaksa sy kosongkan dan sy tutup. ðŸ™,3,membantu transaksi keuangan trlebih trnsfr uang nominal hemat gratis urgent tarik tunai indomart ditolak alasan menunggu petugas prlu membuka tolong manajemen pengembang solusi tarik tunai ditambah dipermudah brlangsung indomart trpaksa kosongkan tutup,netral
"PIN Saya terblokir tetapi penanganan nya lama Dan kendala saya lain nya Tidak bisa menelfon kontak layanan karena memerlukan pulsa ,mohon untuk layanan nya diperbarui agar bisa di hubungi VIA whatsaap supaya penanganan ke costomer lebih efisien min ðŸ™ðŸ™",3,terblokir penanganan kendala menelfon kontak layanan pulsa mohon layanan diperbarui hubungi whatsaap penanganan costomer efisien,negatif
"saya tidak melakukan transaksi apapun dari seabank, tiba2 duit saya hilang 400k untuk pembayaran layanan google play dri shopepay yg saya sendiri gak tau itu bayar apaan... jelek banget emang nih bank, di chat cs malah jawabannya transaksi atas nama sendiri laaaahhhh saya merasa tdk melakukan transaksi malah blgnya gitu padahal jelas di apk shope pembayaran gagal mulu gk tau tuh duitnya kemana",1,transaksi apapun duit hilang pembayaran layanan google play shopepay bayar jelek banget emang chat jawabannya transaksi nama transaksi blgnya gitu shope pembayaran gagal mulu duitnya kemana,negatif
"kemarin habis tf tapi sampek hari ini belum masuk jugaa uang ke rekening penerima, seabank ini lambat sekali penangananya, padahal orang lagi butuh, di email selalu bilang sabar sabar sabar, masih di proses, tolong seabank di perbaiki",1,kemarin habis sampek masuk jugaa uang rekening penerima lambat penangananya orang butuh email bilang sabar sabar sabar proses tolong perbaiki,negatif
"Transfer antar bank ,masih gratid ,proses pendaftaran gampang, tools nya lengkap, bisa bayar apa aja, tabungan ada bunganya walaopun kecil, recomended",5,transfer gratid proses pendaftaran gampang tools lengkap bayar tabungan bunganya walaopun recomended,positif
"aplikasi sampah, pas reset password dan coba login dengan password baru malah gabisa login, dibilangnya password salah. pas pake password yang lama juga salah. akhirnya gimana ini uang saya nyangkut di aplikasi hah????",1,aplikasi sampah reset password coba password dibilangnya password salah pake password salah gimana uang nyangkut aplikasi,negatif
"utk bayar qris punya saya bermasalah gak bisa,,dan utk bagikan bukti yg sudah di TF juga gak bisa.. biasanya aman aman saja baru kali ini bermasalah",3,bayar qris bermasalah bagikan bukti aman aman bermasalah,netral
apk ini mnrtku udh ckp bgs bebas dri bug dn iklan jdi klo mau transaksi kan bsa sat set akun rek juga di amankan dimna klo membuka rekening hrs memasukkan pin dlu itu jauh lbh amn aplgi aku udh beberapa kali tarik tunai di indomaret mskpn cm 3Ã— gratis biaya admin tpi mnrtku dh ckp membantu dn mempermudah akses transaksi ku jdi aku bsa pakai 2 rekening skligus yg mnrt aku mudah & ga banyak bug juga.,5,mnrtku bagus bebas iklan transaksi akun amankan dimna membuka rekening memasukkan aplgi tarik tunai indomaret mskpn gratis biaya admin mnrtku membantu mempermudah akses transaksi pakai rekening skligus mnrt mudah,positif
"sudah habis pulsa puluhan ribu, nlfn costumer servis berkali kali tapi tidak ada penanganan lebih lanjut, nlfn costumer servis harus pake pulsa, tolong tindak secepat nya",1,habis pulsa puluhan ribu nlfn costumer servis berkali penanganan nlfn costumer servis pake pulsa tolong tindak secepat,negatif
"Ini kenapa lagi aplikasi yang satu ini, masuk aplikasi tulisannya gangguan jaringan mulu. Kalau maintent kasih notifikasi, jangan sembarangan maintent. kalau emang gangguan jaringan, berarti provider konoha semuanya ampas!",1,aplikasi masuk aplikasi tulisannya gangguan jaringan mulu maintent kasih notifikasi sembarangan maintent emang gangguan jaringan provider konoha ampas,negatif
"selama menggunakan seabank sangat2 puas,, transfer antar bank banyak gratisnya tiap bulan, dan yg paling seneng dapat bunga dan cair tiap hari meskipun ya tergantung nominal saldo yg tersimpan di Rekening. tks Seabank sudah mempermudah urusan saya.",5,puas transfer gratisnya seneng bunga cair tergantung nominal saldo tersimpan rekening mempermudah urusan,positif
"proses buka rekening cepat. saat pemakaian aplikasi sangat mudah dan tidak ada kendala. kelebihan yg sangat menarik, bisa transfer kemana saja free admin. semakin ditingkatkan lagi... ada ada fitur seapinjam... akun tertentu saja yang bisa menggunakan fasilitas ini.. saya banget akun saya tidak termasuk. pdhl akun saya sangat aktif transaksinya",5,proses buka rekening cepat pemakaian aplikasi mudah kendala kelebihan menarik transfer kemana free admin ditingkatkan fitur seapinjam akun fasilitas banget akun pdhl akun aktif transaksinya,positif
"sejauh ini ga pernah ada masalah, cs nya juga fast respon kalo ada kendala, salah kirim dll. di bbrpa e-wallet ga ada admin, ga pernah lag, bug dsb. sering simpan uang dlm jumlah banyak ga pernah hilang/kurang (bermasalah). bintang lima sudah pasti",5,fast respon kendala salah kirim bbrpa ewallet admin simpan uang hilangkurang bermasalah bintang,positif
"udah 1 tahun pakai sebank dan fitur yang baru di gunakan transfer masuk e wallet/bank lancar gak ada kendala dan keamanan saldo juga aman, secara keseluruhan cukup memuaskan",5,pakai sebank fitur transfer masuk walletbank lancar kendala keamanan saldo aman memuaskan,positif
maaf ... untuk saat ini aplikasinya lelet & suka error muncul (layanan tidak tersedia untuk saat ini) ... tadinya tak isi saldo tak tarik lagi... nariknya pun lama bgt.. berkali2 tutup buka aplikasi ðŸ¤¦ ... mohon segera perbaiki... karena suka pakai.. tapi klo kya gni.. jdi takut gabisa transaksi cepet .. ðŸ™ðŸ™,5,maaf aplikasinya lelet suka error muncul layanan tersedia saldo tarik nariknya banget berkali tutup buka aplikasi mohon perbaiki suka pakai takut transaksi cepet,netral
"sangat membantu, ketika kita tidak punya waktu untuk membuat rekening langsung ke Bank. Transaksi yg cepat, dan tidak ada biaya admin ketika melakukan transfer. Terima kasih SeaBank",5,membantu rekening langsung transaksi cepat biaya admin transfer terima kasih,positif
menurut saya sea bank bagus dan lancar lancar saja selama kita juga memahami cara kerjanya... banyak yang komplain tentang sea bank padahal mungkin itu kesalahan mereka sendiri ada yang bilang keluar sendiri atau terblokir dan keluhan lainnya.. kalau gak. au itu terjadi pakai sejarnya saja.. kalau saya hanya khusus menggunakan sebagai rekening pribadi dan kalau untuk masalah transfer atau bisnis saya pakai apk sebelah atau ewalwt,4,bagus lancar lancar memahami kerjanya komplain kesalahan bilang terblokir keluhan pakai sejarnya khusus rekening pribadi transfer bisnis pakai sebelah ewalwt,netral
"Asli berguna banget! Programnya dan internalnya lebih memadai dipakai â€” bebas iklan, bebas bug, dan tidak lelet. Enak ketika dijalankan dan mudah mengakses semua menu-menunya. Tapi sayangnya, sering kali ketika dipakai agak sulit diakses saat koneksi internet sedang buruk atau tidak stabil. Kadang loading-nya lama banget dan cuma berputar-putar saja. Saya hanya ingin memberikan masukan agar ke depannya hal-hal seperti ini bisa diperbaiki dan semua error bisa dibenahi.",5,asli berguna banget programnya internalnya memadai dipakai bebas iklan bebas lelet enak dijalankan mudah mengakses menumenunya sayangnya dipakai sulit diakses koneksi internet buruk stabil kadang loadingnya banget berputarputar masukan depannya halhal diperbaiki error dibenahi,netral
"Aplikasi terpecaya bagus , transfer gratis ke semua bank. top up juga gratisss ... seabank pinjam juga bunga ringan tidak kayak aplikasi aplikasi lain bunga tinggi ada biaya admin sampai 3 s/d 5%. tapi aplikasi ini keren semoga semakin maju & membantu orang yang lagi kesusahan. catatan untuk pengelola , khusus seabank pinjam adain dong tenor 1,2,3,6 dan 12 biar makin fleksibel CS pingin ambil tenor sesuai kebutuhan.ðŸŒŸðŸŒŸðŸŒŸðŸŒŸðŸŒŸ",5,aplikasi terpecaya bagus transfer gratis gratis pinjam bunga ringan kayak aplikasi aplikasi bunga biaya admin aplikasi keren semoga maju membantu orang kesusahan catatan pengelola khusus pinjam adain tenor biar fleksibel pingin ambil tenor sesuai kebutuhan,positif
Aplikasi Bank Digital Recommended untuk para Pelaku Bisnis yang inginkan Kemudahan serta kenyamanan. Dengan Efisiensi Waktu yang begitu cepat..Good Job SeaBank.Semoga semua Fitur yang Sudah ada di tingkatkan dan dipertahankan..,5,aplikasi digital recommended pelaku bisnis kemudahan kenyamanan efisiensi cepat good seabanksemoga fitur tingkatkan dipertahankan,positif
"dana tau2 hilang.. berkali2 telefon cs komplen cuman suruh menunggu.. hati2 yg menggunakan seabank dengan jumlah banyak... penipu berkedok bank gratis tf keseluruh bank.. tp akhirnya menipu.. dibikin enak aj.. kalau mau minta admin di potong diakhir bulan.. entah itu 5 ribu atau brapa, pengguna juga nyaman.. PENIPU INI APLIKASI,, AYO LOG OUT SAMA2 SAJA.. itu yg kasih bintang 5 cuman grup penipu semuanya",1,dana hilang berkali telefon komplen cuman suruh menunggu hati penipu berkedok gratis keseluruh menipu dibikin enak admin potong diakhir ribu brapa pengguna nyaman penipu aplikasi kasih bintang cuman grup penipu,negatif
"terbaik Apps yang mudah dipakai dan gak ribet serta sangat nyaman dan enak banget dipakai melakukan berbagai transaksi, simpul dan sangat sederhana ketika digunakan, nggak ada buku iklan ataupun lelet, jadi sangat nyaman ketika menjelajahi setiap detik benar-benar terdapat di dalamnya, hanya saja terkadang aplikasi ini akan sulit dibuka pada saat koneksi internet lagi kurang stabil dan hanya berputar-putar saja, terasa cuman terhadap pengalaman yang terjadi di aplikasi ini,selebihnya bagus ya.",5,terbaik apps mudah dipakai ribet nyaman enak banget dipakai transaksi simpul sederhana buku iklan lelet nyaman menjelajahi detik benarbenar dalamnya terkadang aplikasi sulit dibuka koneksi internet stabil berputarputar cuman pengalaman aplikasi selebihnya bagus,positif
"Aplikasi Penipu semoga para pekerja nya gak berkah,,,saya udah beberapa hari ngajuin tentang kendala seabank saya tapi apa gak ada tanggapan apa apa katanya pas telpon cs akan diproses 3 hari kerja tapi mana sampe sekarang belom ada tanggapan didalam rekening saya ada uang buat keperluan seminggu,,, kek gak mikirin orang orang pengguna seabank tolong lah jangan kecewain pengguna nya kirim pesan via email jawaban nya gitu gitu aja sama ajah gak ada perubahan saat telpon cs juga gitu gitu ajah",1,aplikasi penipu semoga pekerja berkah ngajuin kendala tanggapan telpon diproses kerja sampe belom tanggapan didalam rekening uang keperluan seminggu mikirin orang orang pengguna tolong kecewain pengguna kirim pesan email gitu gitu ajah perubahan telpon gitu gitu ajah,negatif
"Alhamdulillah cukup memuaskan mengunakan aplikasi seabank ini, walupun sebelumnya saya sempat kecewa dikarenakan uang saya pernah hilang 2 kali karena akun seabank saya terhubung dengan shopeepay saya padahal saya tidak ada melakukan transaksi uang itu langsung dikirimkan/terbayarkan ke pembayaran google play saya pun gak ngerti kenapa bisa terjadi ðŸ˜¥,tapi yaudah la saya anggap sebagai pelajaran sajaðŸ™‚. tapi sekarang Alhamdulillah Uda aman akun seabank saya gak ada kehilangan saldo lagi.",5,alhamdulillah memuaskan mengunakan aplikasi walupun kecewa uang hilang akun terhubung shopeepay transaksi uang langsung dikirimkanterbayarkan pembayaran google play ngerti yaudah anggap pelajaran alhamdulillah aman akun kehilangan saldo,positif
APLIKASI PERAMPOKAN masa pas login selalu suruh verifikasi ktp kaya mau buat akun baru padahal id dan password udah benar!!.. saya kecewa banget setiap login suruh verifikasi ktp tapi pas di verifikasi ada bacaan ðŸ‘‰ðŸ» NIK sudah terdaftar di SeaBank. Silakan log in ke akun kamu menggunakan no. handphone yang terdaftar. kan beg0 padahal tu akun dah terdaftar..udahlah jangan download seabankSAT mending pake aplikasi DANA ATAU OVO LEBIH REKOMENDASI JANGAN INSTAL SEABANKsat!!!,1,aplikasi perampokan suruh verifikasi kaya akun password kecewa banget suruh verifikasi verifikasi bacaan terdaftar silakan akun handphone terdaftar akun terdaftar udahlah download seabanksat mending pake aplikasi dana rekomendasi instal seabanksat,negatif
semoga saldo saya cepat di kembalikan oleh aplikasi seabank di karenakan Saya kirim uang dua kali 1 nya masuk satu lagi tidak masuk pada tgl 29:9:2025 kemarin semoga cepat di proses di karenakan kita orang susah bukan orang berduitðŸ™ðŸ™ðŸ™ðŸ™ðŸ™,1,semoga saldo cepat kembalikan aplikasi karenakan kirim uang masuk masuk kemarin semoga cepat proses karenakan orang susah orang berduit,negatif
tolong min kenapa sy tidak bisa masuk ke app nya? selalu ad tulisan mohon periksa kembali koneksi anda lalu kembali ke AE 1001? knpaa soalnya masuk ke app bank lain bisa?? Kenapaa selalu error,2,tolong masuk tulisan mohon periksa koneksi knpaa masuk kenapaa error,negatif
"tolong dong dipermudah untuk proses login, nomor nya udah aktif tapi kode otp nya lama banget dikirim nya. minimal kalo susah pake SMS adain pake email atau kesambung ke whatsaap gitu",1,tolong dipermudah proses nomor aktif kode banget dikirim minimal susah pake adain pake email kesambung whatsaap gitu,negatif
"ini gimana sih akun saya di blokir sementara, saya butuh dari kemaren disuruh nunggu 24 jam ada cara lain yaitu menelpon cs.nya tapi setiap di tlp sibuk mulu gimana kelanjutannya ini saya gabisa nunggu lama mohon pertanggung jawabannya dan penjelasan yang jelas kalo memang bisa ya bantu kalo gabisa ngomong aja gabisa kecuali tetep nunggu biar jelas gituh...",3,gimana akun blokir butuh kemaren disuruh nunggu menelpon csnya sibuk mulu gimana kelanjutannya nunggu mohon pertanggung jawabannya penjelasan bantu ngomong kecuali tetep nunggu biar gituh,negatif
"untuk beberapa bulan ini saya menggunakan seabank ini amanah dan cepat dalam metode pembayaran atau pun dalam transaksi, penerimaan cuma tolong buat admin seabank fitur pinjaman nya di apk saya di adakan, trimakasih ðŸ™ðŸ»",5,amanah cepat metode pembayaran transaksi penerimaan tolong admin fitur pinjaman adakan trimakasih,positif
"aq sudah lumayan lama menggunakan seabank...segala transaksi terbantu,baru ini sy menggunakan bank yg tidak merugikan nasabah,tabungan bertambah pendapatan sesuai bunga yg di berikan, tidak ada potong2an admin tiap bulan,dan tidak di kenakan biaya buat tf kmn pun,trimakasih seabank saya telah banyak terbantu selama sy menggunakan aplikasi ini segala kegiatan yg menggunakan pembayaran seabank lah yg utama sy gunakan untuk transaksi...sukses selalu dan semoga selalu amanah aamiinðŸ¤²ðŸ¤²ðŸ¤²",5,lumayan transaksi terbantu merugikan nasabah tabungan bertambah pendapatan sesuai bunga potongan admin kenakan biaya trimakasih terbantu aplikasi kegiatan pembayaran utama transaksi sukses semoga amanah aamiin,positif
"asli berguna banget interval dan sangat membantu, mudah dipakai dan nggak ribet serta nyaris tanpa iklan dan nggak lemot, jadi sangat nyaman ketika dipakai.",5,asli berguna banget interval membantu mudah dipakai ribet iklan lemot nyaman dipakai,positif
"Susah Login... Verifikasi OTP lewat SMS lama tak kunjung datang SMS OTP nya, pdhal sinyal kartu aman..sdh restart hp jg ttep tdk ada SMS OTP yg dikirim",2,susah verifikasi kunjung pdhal sinyal kartu aman restart ttep dikirim,negatif
"kendala saya terselesaikan, Alhamdulillah akun saya bisa kembali log in. tp untuk keamanan saldo saya pindah kan dahulu, dengar berita diluar seabank sedang rawan, jika semua sudah baik baik saja. saya akan kembali menggunakan seabank. selama ini oke oke saja sangat memudahkan. terima kasih.. jaga terus kepercayaan pengguna seabank dan nasabah.",5,kendala terselesaikan alhamdulillah akun keamanan saldo pindah dengar berita diluar rawan memudahkan terima kasih jaga kepercayaan pengguna nasabah,netral
terimakasih kak susah bisa transfer ke shopee yg baru tapi Masih ada kendala saat hendak menghubungkan ke shopee yg baru tidak bisa .harus melepas tautan shopee sebelumnya masalahnya shopee yg lama sudah hilang lalu bagaimana cara melepasnya agar bisa terhubung dgn shopee yg baru tolong dipermudah kak tanpa harus melepas tautan shopee sebelumnya,3,terimakasih susah transfer shopee kendala menghubungkan shopee melepas tautan shopee shopee hilang melepasnya terhubung shopee tolong dipermudah melepas tautan shopee,netral
Hebat sekali aplikasi seabank ini bisa menyimpan uang no limit transaksi bisa melakukan pembatalan deposito juga. Yang terpenting ini aplikasi yang paling the best yaitu TIDAK ADA BIAYA ADMIN. dan bisa diakses siapa saja tidak ada batas umur,5,hebat aplikasi menyimpan uang limit transaksi pembatalan deposito terpenting aplikasi best biaya admin diakses batas umur,positif
"dari fitur sama UI nya sederhana dan mudah banget untuk dipahami, proses transaksi cepet ga ada delay sama sekali, sumpah dan ga nyangka, top up dana free ga ada biaya administrasi sama sekali, sukak banget deh sama seabank",5,fitur sederhana mudah banget dipahami proses transaksi cepet delay sumpah nyangka dana free biaya administrasi sukak banget,positif
"Dulu Sempat Install Trus hapus, karena ragu, sekarang install lagi tapi kalau terjadi error harus kemana komplainnya? kantor Fisiknya aja saya ga tau, jadi ragu lagi,, pakai atau gak ya...",5,install trus hapus ragu install error kemana komplainnya kantor fisiknya ragu pakai,netral
"Aplikasi sangat bagus dan sangat membantu,,transaksi cepat tdk lemmot. dan tanpa iklan.Tingkatkan terus..",5,aplikasi bagus membantu transaksi cepat lemmot iklantingkatkan,positif
"Sangat ringan dan mudah digunakan, Tidak perlu menunggu lama ketika saya mau melakukan pembayaran melalui Qris Dan Transfer Kesana Kesini. Terima Kasih Seabank sudah memudahkan kegiatan sehari hari",5,ringan mudah menunggu pembayaran qris transfer kesana kesini terima kasih memudahkan kegiatan sehari,positif
Tiba-tiba tidak bisa dibuka / terblokir padahal mereka bisa cek sendiri mutasi rekeningnya tidak ada yang aneh. Mana buka blokirnya ribet lagi. Padahal duitnya didalam buat bayar sekolah. Sangat tidak ramah!,2,tibatiba dibuka terblokir mutasi rekeningnya aneh buka blokirnya ribet duitnya didalam bayar sekolah ramah,negatif
"saya jadi mudah untuk bertransaksi,top banget seabank memudahkan customer jadi gak bikin ribet harus keluar , terimakasih seabank sukses selalu ,berikan rasa aman,nyaman selalu kepada customer ya",5,mudah bertransaksi banget memudahkan customer bikin ribet terimakasih sukses aman nyaman customer,positif
"apkya kek ajing mempersulit login padahal udah lengkap semuanya pasword masih ingat sama nomor masih aktif tapi kek ajg, malah di persulit login padahala saldo saya ada di dalam loh kecewaðŸ˜¥",1,apkya ajing mempersulit lengkap pasword nomor aktif persulit padahala saldo kecewa,negatif
"Bagus cuman,pertama gratis kesininya pake admin5rb isi saldonyatuh, Sekarang sering banget gangguan gak bisa masuk aplikasi seabank",4,bagus cuman gratis kesininya pake adminrb saldonyatuh banget gangguan masuk aplikasi,netral
aplikasi ini sangatlah bangus untuk menabung apalagi buat anak remaja yang ingin menabung dan juga bisa transfer ke mana aja,5,aplikasi bangus menabung anak remaja menabung transfer,positif
"1000 x coba, semua nggak ada otp. mungkin seabank nggak punya pulsa. Susah daftarnya. OTP NGGAK DIKIRIM",1,coba pulsa susah daftarnya dikirim,negatif
"sangat rekomend banget menabung di bank ini karna dapat bunga harian,gak ada potongan bulanan ,yang ada saldo malah bertambahðŸ¤©",5,rekomend banget menabung karna bunga harian potongan bulanan saldo bertambah,positif
Aplikasi seabank ini sangat rekomendasi banget buat orang yg lagi membutuhkan. Sangat paham kebutuhan masyarakat! Mantap seabank,5,aplikasi rekomendasi banget orang membutuhkan paham kebutuhan masyarakat mantap,positif
kalo bisa reating bintang 0 saya Reting bintang 0 saya tidak pernah mengalami pemblokiran di dompet digital mana pun apalagi dalam jangku waktu yang singkat saya belum 1minggu menggunakan seabank ini TPI sudah 2 kali di belokir selama 24 jam dan 24jam ini benar2 tidak jelas Saya Sangat Tidak Merekomendasikan apk Ini benar2 ribet,1,reating bintang reting bintang mengalami pemblokiran dompet digital jangku singkat minggu belokir merekomendasikan ribet,negatif
"dulu seabank is the best tapi sekarang minjam aja gagal terus suruh nunggu 30hari tapi sudah nunggu 30hari selama 3bulan gagal terus entah kenapa padahal bayarnya selalu tepat waktu sebelum jatuh tempo sudah di bayar,,,mohon kebijaksanaanya",3,best minjam gagal suruh nunggu nunggu gagal bayarnya jatuh tempo bayar mohon kebijaksanaanya,netral
udah konfirmasi lewat telepon ke cs nya cuman jawabannya sistem seabank ini dalam bentuk pengajuan jadi bisa diterima bisa tidak... padhal kalau dulu saya ajukan kalau belum di ACC langsung telvon catnya langsung cair sekarang udah gak bisa.. padahal gak pernah telat di bank manapun.. jadi kalau slalu di tolak gini terpaksa deh mau gak mau pinjam di spinjam Shopee.. padahal bagus ini bunga nya lebih rendah tapi kalau di tolak mau di apakan Uda telvon sama aja tetap harus nunggu..,3,konfirmasi telepon cuman jawabannya sistem bentuk pengajuan diterima padhal ajukan langsung telvon catnya langsung cair telat manapun slalu tolak gini terpaksa pinjam spinjam shopee bagus bunga rendah tolak apakan telvon nunggu,negatif
"app nya user friendly, mudah dan tidak ribet. dan yang pasti banyak promonya baik menabung maupun buat belanja di shopee. makasih banyak ya ðŸ˜Š",5,user friendly mudah ribet promonya menabung belanja shopee terima kasih,positif
"Seabank sangat buruk, sudah satu tahun rekening saya diblokir dan tidak bisa dibuka sampai sekarang, sebaiknya kalau mau menyimpan uang di bank yang jelas aja seperti di bank BRI, dll.",1,buruk rekening diblokir dibuka menyimpan uang,negatif
"Pelayanan cs nya aneh, untuk masalah kendala rekening terblokir mengatasi nya lama bgt, sampe harus isi pulsa 30k kendala nya blm selesaiÂ²",3,pelayanan aneh kendala rekening terblokir mengatasi banget sampe pulsa kendala selesai,negatif
puas banget dengan pelayanan dari sea bank .. transaksi lebih mudah .. dan limit penarikan atau pengeluaran bisa diatur .. top markotop pokoknya .. sukses selalu sea bank ðŸ‘ðŸ‘ðŸ‘,5,puas banget pelayanan transaksi mudah limit penarikan pengeluaran diatur markotop pokoknya sukses,positif
"Beli token listrik, saldo udah ke potong tp nomor token nya gak bisa di buka, tiap buka riwayat langsung keluar sendiri. Perlu di perbaiki!",1,beli token listrik saldo potong nomor token buka buka riwayat langsung perbaiki,negatif
"bisa bisanya akun penipu bisa atas nama Shopee yang buat saya ketipu 2 juta lebih dan saya telpon pihak sea bank, padahal kita buat akun harus pakai KTP, jadi buat user sea bank hati hati saja biar gak ketipu seperti saya.",1,bisanya akun penipu nama shopee ketipu juta telpon akun pakai user hati hati biar ketipu,negatif
"sangat mudah dan praktis , cuma kurang nya satu hal si yang harus di Perbaikin dalam penggunaan QRIS yang suka error dan ga bisa transaksi selabih nya bagus semua ðŸ‘ðŸ»ðŸ‘ðŸ»ðŸ‘ðŸ»",5,mudah praktis perbaikin penggunaan qris suka error transaksi selabih bagus,netral
"ðšžntuk secepatnya di tunggu kartu atmnya, kalo bisa ada mesin atm+setor tunai juga, promoÂ² menarik lainnya di tunggu kaya bonus saldo & bunga hariannya di tambah minimal 20% p.a, tambahkan untuk pembelian voucher game, untuk transfer virtual account masih ada bug masih eror (transaksi tidak di temukan) padahal di dana aja bisa tuh ðŸ˜‚ðŸ‘",5,ntuk secepatnya tunggu kartu atmnya mesin atmsetor tunai promo menarik tunggu kaya bonus saldo bunga hariannya minimal tambahkan pembelian voucher game transfer virtual account eror transaksi temukan dana,netral
"aplikasi nya sangat bermanfaat karena tidak ada admin kemanapun, tapi kekurangan nya aplikasi ini bisa riba karna ada uang tabungan yang di kasih bunga perhari kalo bisa jangan kasih bunga biar tidak jadi riba!",3,aplikasi bermanfaat admin kemanapun kekurangan aplikasi riba karna uang tabungan kasih bunga perhari kasih bunga biar riba,netral
sumpah saya rekomendasi bank ini sangat bagus hemat gratis tranfer uang kalian kalo di simpan di sini selalu nambah ada fitur deposito keren banget wajib daftar woiiiii,5,sumpah rekomendasi bagus hemat gratis tranfer uang simpan nambah fitur deposito keren banget wajib daftar,positif
"sangat cepat sat set untuk segala urusan pembayaran, belanja dan transfer gratis ke semua bank. Yuk unduh di hp mu sekarang juga dan rasakan keseruan promo-promo menarik lainnya ya....ðŸ’¯ðŸŽ‰ðŸŽ‰ðŸ«¶",5,cepat urusan pembayaran belanja transfer gratis unduh rasakan keseruan promopromo menarik,positif
"ini kedua kalinya saya testimoni minus. 2x akun saya terblokir g jelas: ~ saat menyambungkan akun shopee dengan seabank ~ tiba"" akun seabank keluar. saya Udah coba masuk tapi diminta verivikasi e-KTP, udah dilakukan tapi muncul notifikasi kalo e-KTP udah dipakai. ya iyalah kan cuma verivikasi bukan buat akun baru. akhirnya saya coba ganti pw, kembali minta verivikasi e-KTP, kejadian lagi notif yang sama. coba telp cs, g ada hasil. dah lah rate 1 emang pantes dikasih",1,kalinya testimoni minus akun terblokir menyambungkan akun shopee akun coba masuk verivikasi ektp muncul notifikasi ektp dipakai iyalah verivikasi akun coba ganti verivikasi ektp kejadian notif coba telp hasil rate emang pantes dikasih,negatif
tolong kak apknya nggak mau kebuka sama sekali sdh coba make WiFi dan data seluler tetap nggak bisa pdhl saldo di dalam mau di tarik jadi nggak bisa,3,tolong apknya kebuka coba make wifi data seluler pdhl saldo tarik,negatif
"Tolonglah pusat bantuan live chat jangan pakai chat bot AI kalo masih jelek karena tidak membantu sama sekali, respon nya gak jelas kalo akhirnya di alihkan ke CS sama sekali ga membantu!!!",1,tolonglah pusat bantuan live chat pakai chat jelek membantu respon alihkan membantu,negatif
"gak jelas banget, padahal KTP nya sudah sesuai tapi malah bilang tidak terdaftar atau tidak sesuai, repot banget",1,banget sesuai bilang terdaftar sesuai repot banget,negatif
aplikasi ini sangat membatu ketika kita butuh dana darurat dan gk ribet sukses selalu Seabank yg peting qita harus konsisten bayar tepat waktu biar limit qita naik is the best pokoknya ðŸ¥°ðŸ¥°ðŸ¥°,5,aplikasi membatu butuh dana darurat ribet sukses peting qita konsisten bayar biar limit qita best pokoknya,positif
"Sangat puas menggunakan seabank, dengan fitur transfer gratis 100x per bulan sangat memuaskan. Terimakasih seabankðŸ‘ satu lagi tolong tambahkan fitur darkmode ya.",5,puas fitur transfer gratis memuaskan terimakasih tolong tambahkan fitur darkmode,netral
sea bank adalah tempat paling praktis buat simpen uang mudah ga ribet . sukses selalu buat developer y tetap berikan layanan yg dinamis buat warga negara Indonesia,5,praktis simpen uang mudah ribet sukses developer layanan dinamis warga negara indonesia,positif
"sayang sangat senang adanya apk Seabank karena memudahkan dalam Bertransaksi, semoga tidak ada kebijakan yg memberatkan buat nasabah ya, dan bisa beri keuntungan yg lebih baik, terimakasih, sukses selalu buat Seabank ðŸ¤²ðŸ»",5,sayang senang memudahkan bertransaksi semoga kebijakan memberatkan nasabah keuntungan terimakasih sukses,positif
"ngak tau tiba-tiba akun di blokir, saya coba hubungi Call Centre seabank panggil selalu di akhir i, saya coba kirim email ke seabank eh di suruh hubungi Call Centre lagi ngak nemu nemu ini solusi nya muter muter aja, saya beri bintang satu karna pantes terlalu ribet pelayanan cs nya buruk. saya tunggu info solusi nya",1,ngak tibatiba akun blokir coba hubungi call centre panggil coba kirim email suruh hubungi call centre ngak nemu nemu solusi muter muter bintang karna pantes ribet pelayanan buruk tunggu info solusi,negatif
gua dibohongi dengan aplikasi ini katanya ada hadiah uang sekian eh tau tau dah daftar semua KTP apa gak ada sama sekali hadiahnya lebih baik gua menggunakan aplikasi dana soalnya disini dari awal gua dah dibohongi.apalgi diakhir nanti,1,dibohongi aplikasi hadiah uang sekian daftar hadiahnya aplikasi dana dibohongiapalgi diakhir,negatif
"apk membagongkan, ada petunjuk daftar pakai nomer hp tapi tidak bisa, tapi dalam penjelasan kode otp sudah dikirim baik email maupun SMS tidak ada",1,membagongkan petunjuk daftar pakai nomer penjelasan kode dikirim email,negatif
"saya sangat suka aplikasi ini sangat mudah di gunakan dan sangat menyenang kan,banyak manfaat nya dan banyak fitur nya terus lah berkembang dan terus menjadi baik SEA BANKðŸ‘",5,suka aplikasi mudah menyenang manfaat fitur berkembang,positif
"Tolong seabank dibantuu karna akun saya sblumbya tidak bisa login skrang sudah bisa namun akun di batasin dari transaksi , sudah habis banyak pulsa telvon customer servis mbulet ruwettttttt",3,tolong dibantuu karna akun sblumbya skrang akun batasin transaksi habis pulsa telvon customer servis mbulet ruwet,negatif
"Mulanya aplikasi ini bagus, saya suka, tapi kali ini saya kecewa banget, karena aplikasinya gak bisa dibuka, gangguan jaringan padahal sinyal bagus, tolong diperbaiki",2,aplikasi bagus suka kecewa banget aplikasinya dibuka gangguan jaringan sinyal bagus tolong diperbaiki,netral
rekomendasi banget sih menurut aku juga enak aplikasi juga gampang mudah praktis yang pasti juga udah di pantau sama OJK oke si but kalian boleh coba deh apk ini asli aku aja nyaman pake ini,5,rekomendasi banget enak aplikasi gampang mudah praktis pantau coba asli nyaman pake,positif
"min, kok semenjak saya doandload seebank, hp saya jadi banyak yg telvon dan itu nomor yg gk di kenal, kaya berasa lagi kena teror min, bikin gk nyaman tau,",3,semenjak doandload seebank telvon nomor kenal kaya berasa kena teror bikin nyaman,negatif
"2kali transaksi, transaksi pertama saldo sudah terkurang tapi dana tidak masuk. tranksaksi ke 2 baru berhasil,tapi dari pihak sea bank mengatakan sudah berhasil. merasa ditipu banget memang menurut seabank dana tidak seberapa tapi bagi saya itu penting dan sangat diperlukan",5,transaksi transaksi saldo terkurang dana masuk tranksaksi berhasil berhasil ditipu banget dana,negatif
"top fungsinya, bermanfaat dan sangat praktis di apps ini,lancar jaya, bebas iklan,bug,ataupun lemot,enak ketika dijalankan & mengakses semua menu2nya. Tapi di sayangkan serimg ketika dipakai terkadang agak"" sulit membukanya pas saat koneksi lagi buruk / tidak stabil,terkadang loadingnya lambat sekali dan cuma berputar putar saja. mungkin cuma hal seperti itu yang biasa terjadi di apps ini dan yang lain-lainnya sesuai pengalaman semua transaksi sukses, teman"" bisa transfer kemanapun sesukanya...",5,fungsinya bermanfaat praktis apps lancar jaya bebas iklan lemot enak dijalankan mengakses menunya sayangkan serimg dipakai terkadang sulit membukanya koneksi buruk stabil terkadang loadingnya lambat berputar putar apps lainlainnya sesuai pengalaman transaksi sukses teman transfer kemanapun sesukanya,netral
sangat bagus banget aplikasi nya amanah dan dapat di percaya uang pun aman transfer kemana aja cepet banget gak lelet atau loading dan pelayanan sangat ramah ðŸ¤©ðŸ¤©ðŸ¤©ðŸ¤©,5,bagus banget aplikasi amanah percaya uang aman transfer kemana cepet banget lelet loading pelayanan ramah,positif
"kecewa berat saya dengan seabank, gara gara verifikasi wajah akun shopee saya ke suspend, udah bagus pake sidik jari malah tambah verifikasi wajah, saya ini bukan ojol, dan nggak semua orang kamera depannya bagus .",1,kecewa berat gara gara verifikasi wajah akun shopee suspend bagus pake sidik jari verifikasi wajah ojol orang kamera depannya bagus,negatif
bagus ko aman dan nyaman bisa punya aplikasi SeaBank terjamin amanah juga ko dan costumer service nya juga ramah tamah jadi ayo jangan ragu untuk punya tabungan SeaBank ya teman-teman ma kasih.,5,bagus aman nyaman aplikasi terjamin amanah costumer service ramah tamah ragu tabungan temanteman kasih,positif
"main tutup permanent rekening aja tanpa pemberitahuan.... email. wa, telp bahkan sms bisa di info... no. rekening dan saldo ny masih ada.... sembarangan aja....",1,main tutup permanent rekening pemberitahuan email telp info rekening saldo sembarangan,negatif
"saya download lewat iklan. katanya mendapatkan saldo 100rb.ternyata tdk ada. tapi tdk apa2 karena saya senang pemakaian,nya mudah dan praktis ðŸ‘. saya kasih bintang â­â­â­â­â­. krn sangat puas ðŸ™",5,download iklan saldo rbternyata senang pemakaian mudah praktis kasih bintang puas,netral
"Keren banget SeaBank, gratis biaya administrasi transfer ke rekening lain sebanyak 100x salah satu keuntungan yang luar biasa untuk nasabah, belum lagi dapet bunga tabungan ini yang lebih keren dimana Bank lain saldo tabungan berkurang karena administrasi bulanan SeaBank malah nambahin saldo tabungan, belum lagi bunga pinjaman yang menurutku paling kecil diantara Bank lainnya. Luar Biasa SeaBank...",5,keren banget gratis biaya administrasi transfer rekening salah keuntungan nasabah dapet bunga tabungan keren dimana saldo tabungan berkurang administrasi bulanan nambahin saldo tabungan bunga pinjaman menurutku,positif
"Akun ku Ter log out dan nggak bisa login kembali, pulsa sudah habis 30rb telp CS. nggak ada solusi, malahan no ku nggak terdaftar kembali, hilang saldoku di dalam nya. emang nggak seberapa saldo nya, tapi mencari sulit mengecewakan",1,akun pulsa habis telp solusi terdaftar hilang saldoku emang saldo mencari sulit mengecewakan,negatif
sangat mengecewakan 2x uang saya hilang di sini dengan metode pembayaran virtual account shopeepay padahal saya tidak melakukan . . bukannya sedikit nominal yg hilang. . bagaimana pertanggung jawaban dari pihak seabank?,1,mengecewakan uang hilang metode pembayaran virtual account shopeepay nominal hilang pertanggung,negatif
"semoga lancar terus ga ada kendala,,dan klo bisa segera terbitin kartu ATM dan buku,,akan pelanggan semakin setia dengan seabankðŸŒŸ",5,semoga lancar kendala terbitin kartu buku pelanggan setia,positif
"kemarin TF ke dana masih di proses, udh 3 hari padahal , aku tf lagi ke dana yang sama malah berhasil 1 aja, nyoba TF lagi ke bank lain berhasil, riwayat juga ada, tapi uang ga masuk ke bank penerima",1,kemarin dana proses dana berhasil nyoba berhasil riwayat uang masuk penerima,negatif
aplikasi ini jelas banget..saya sudah lama menggunakan seabank buat transaksi..tapi sampai sekarang saya tidak di kasih seabank pinjam...aplikasi ini tidak membantu sama sekali,1,aplikasi banget transaksi kasih pinjam aplikasi membantu,netral
bagus sih gratis tf bnyak cuma kalo bisa untuk tambahan fitur seabank pinjam bisa digunakan smua kalangan pengguna seabank tidak hanya tertentu,3,bagus gratis bnyak tambahan fitur pinjam smua kalangan pengguna,netral
"saya suka aplikasinya sangat membantu dan mempermudah bagi orang yang membutuhkan,semoga terus berkembangkan.",5,suka aplikasinya membantu mempermudah orang membutuhkan semoga berkembangkan,positif
"transaksi cepat, mudah dan kalo ada saldo di seabank tiap hari ada bunga masuk! apalagi kalo deposito, mulai tenor 1bulan",5,transaksi cepat mudah saldo bunga masuk deposito tenor,positif
sekedar saran saja yg hampir 100% pengoperasian nya di ponsel tolong untuk beberapa fitur nya di lengkapi,3,sekedar saran pengoperasian ponsel tolong fitur lengkapi,netral
"seabank gak jelas, udah gonta ganti pin mau log in gak bisa muncul terlalu banyak percobaan yang gagal, kalau memang di blokir memang pepek",1,gonta ganti muncul percobaan gagal blokir pepek,negatif
"apknya mudah, simpel dan gak ribet. serta pengiriman dan penerimaan dananya cepat. ðŸ‘",5,apknya mudah simpel ribet pengiriman penerimaan dananya cepat,positif
"mantab aplikasi ini, berjalan dg baik untuk memenuhi pembayaran belanja online yg di dukung, cepat tanpa ribet dan lancar. Sukses selalu top...top...top ðŸ‘ðŸ‘ðŸ‘ðŸ‘ðŸ‘",5,mantab aplikasi berjalan memenuhi pembayaran belanja online dukung cepat ribet lancar sukses,positif
mantap fitur gampang di gunakan apk nya bagus aman sangking bagus nya saya gabisa bilang apaÂ² lagi hehe makasih seabankðŸ˜Š,5,mantap fitur gampang bagus aman sangking bagus bilang hehe terima kasih,positif
App banking idiot. kalo internet sedikit begitu mau buka app seabank langsung tiba2 jadi ga bisa pencet tombol angka saat input PIN.,1,banking idiot internet buka langsung pencet tombol angka input,negatif
kapok banget pake aplikasi bank ini uang saya terpotong tapi dana tidak masuk hingga pesanan saya dibatalkan ketika tlp cs suruh nunggu 20 hari tapi tak ada kejelasan samapai lebih dari 20 hari yg udab download apk ini hati hati,1,kapok banget pake aplikasi uang terpotong dana masuk pesanan dibatalkan suruh nunggu kejelasan samapai udab download hati hati,negatif
ruwet pwolll suruh tlpn operator pakai pulsa berbayar ini aplikasi not recom sudah GK jaman verifikasi ulang pakai tlpn jaman skrg verifikasi WhatsApp vc... sistem jelek... aplikasi sampah masuk aplikasinya ada tidak bisa,1,ruwet pwol suruh tlpn operator pakai pulsa berbayar aplikasi recom jaman verifikasi ulang pakai tlpn jaman skrg verifikasi whatsapp sistem jelek aplikasi sampah masuk aplikasinya,negatif
fitur aplikasi mudah digunakan atau tidak membingungkan. Tidak ada biaya admin. Semakin mudah transaksi menggunakan Seabank,5,fitur aplikasi mudah membingungkan biaya admin mudah transaksi,positif
"Lancar banget, tingkatkan suku bunga deposito seperti dahulu karna banyaknya saingan bank lain, agar seabank tetap jaya",5,lancar banget tingkatkan suku bunga deposito karna banyaknya saingan jaya,positif
"aplikasi payah susah login padahal sinyal stabil, jangan buat cemas oranglah, ini penting tolong diperiksa lagi sistem nya",5,aplikasi payah susah sinyal stabil cemas oranglah tolong diperiksa sistem,negatif
"Aplikasinya bagus, transaksinya terjamin. Semua transaksi dipermudah tanpa batas saldo mengendap.",5,aplikasinya bagus transaksinya terjamin transaksi dipermudah batas saldo mengendap,positif
semua pembayaran lebih pakai bank ga ribet sayangnya sea bank tidak layanan pinjaman coba kalau ada lebih maju lagi,5,pembayaran pakai ribet sayangnya layanan pinjaman coba maju,netral
"mudah,cepat,dan terpercaya baru pertama kali download aplikasi sea bank ini. cara menggunakan kan mudah.di pahami.",5,mudah cepat terpercaya download aplikasi mudahdi pahami,positif
"Sangat Membantu, Aplikasi SeaBank sangat bagus dan Transaksi mudah dan prosesnya cepat dan tepat.",5,membantu aplikasi bagus transaksi mudah prosesnya cepat,positif
"platform yg bagus dan tampilannya ramah pengguna baru, dan selalu ada kuota bebas boaya admin ðŸ‘",5,platform bagus tampilannya ramah pengguna kuota bebas boaya admin,positif
"Bagus, mudah, dan cs-nya sangat cepat tanggap. Tapi kalau bisa ditambah lagi multifinance nya. Mau bayar kredit ke BAF tapi nggak ada. Terus bayar air juga, pilihan daerahnya nggak luas. Padahal niatnya biar satu aplikasi bisa bayar ke semua.",3,bagus mudah csnya cepat tanggap ditambah multifinance bayar kredit bayar pilihan daerahnya luas niatnya biar aplikasi bayar,netral
"mantap, saran: jika tidak berkenan menambahkan fitur kartu (karena jaman nfc) maka berikan lebih banyak opsi tarik dan setor tunai dengan bebas biaya atau biaya maksimal 99 rupiah saja. Gunakan fitur blockchain BNB Chain atau NEAR Protocol supaya lebih murah dari sistem perbankan.",5,mantap saran berkenan fitur kartu jaman opsi tarik setor tunai bebas biaya biaya maksimal rupiah fitur blockchain chain near protocol murah sistem perbankan,netral
"Sangat mudah digunakan, Aplikasinya lebih bagus dri aplikasi bank lain, ga ribet, banyak fitur, Semoga ke depan tambah lebih jaya, amin ðŸ™ŒðŸ”¥ðŸ¤©",5,mudah aplikasinya bagus aplikasi ribet fitur semoga jaya amin,positif
"Nyaman di gunakan, cepat n gak lelet, tapi mungkin tingkat keamanan nya bisa di tambah lagi",5,nyaman cepat lelet tingkat keamanan,netral
"ni aplikasi apaan banget dah? kenapa gak dibuat opsi verifikasi e-ktp menggunakan kamera depan, gw yang kamera belakangnya ""terlalu bagus"" gabisa samsek login maupun bikin akun njir, gak ada opsi lain kah",4,aplikasi banget opsi verifikasi ektp kamera kamera belakangnya bagus samsek bikin akun njir opsi,negatif
"sudah verivikasi semua lewat customer,yang ada habisin pulsa aja, seperti gak ada tanggapan,solusinya sama sekali ,jdi dia nanya indentitas kita buat apa, aplikasi sampah",1,verivikasi customer habisin pulsa tanggapan solusinya nanya indentitas aplikasi sampah,negatif
"sangat suka pakai seabank ðŸ‘simple dan aman dan terpercaya, cuma sedikit leg bagian awal login saat masuk pun tapi tidak masalahðŸ‘",5,suka pakai simple aman terpercaya masuk,netral
sangat memuaskan semoga selalu aman dan terpercaya ya... memudahkan untuk segala jenis transaksi. tidak perlu repot membawa uang cash kemana mana cukup bayar menggunakan seabank,5,memuaskan semoga aman terpercaya memudahkan jenis transaksi repot membawa uang cash kemana bayar,positif
"eror terus malah makin banyak bug,,, sekarang malah ga bisa login karena aktivitas di blokir,,, menghubungi CS nya malah ga jelas",2,eror aktivitas blokir menghubungi,negatif
"saya kasih bintang 3 dulu,jujur sangat berguna aplikasi ini cuma mengapa fitur seaBANK pinjam saya tidak tersedia mungkin nnti apa bila sudah tersedia akan saya kasih reting yg lebih bagus",3,kasih bintang jujur berguna aplikasi fitur pinjam tersedia nnti tersedia kasih reting bagus,netral
"fiturnya banyak dan mudah di gunakan di semua kalangan,tapi sayangnya gratis ngirim ke semua bank terbatas kalo gratisnya unlimited mah enak ini mantap lah pokoknya",5,fiturnya mudah kalangan sayangnya gratis ngirim terbatas gratisnya unlimited enak mantap pokoknya,netral
"aplikasinya mempermudah buat transfer kemanapun dan juga gratis admin walau dibatasi tapi gpp, aplikasinya bagus banget cocok buat pebisnis",5,aplikasinya mempermudah transfer kemanapun gratis admin dibatasi aplikasinya bagus banget cocok pebisnis,netral
"UI sangat user friendly mudah digunakan, loading juga cepat dan ringan dibanding mbanking yg lain",5,user friendly mudah loading cepat ringan dibanding mbanking,positif
awalnya sangat membantu lama kelamaan malah ga jelas sering di tolak disuruh nunggu sudah nunggu ditolak lagi padahal ga ada tunggakan giliran tanya ke CS sama aja disuruh nunggu mau sampai kapan nunggunya mending 1 atau 2 hari hampir satu bulan nunggu kalau memang masih berniat membantu kenapa di tolak kalaupun sudah merah raportku hilangkan saja limitnya jangan dimunculkan terus giliran diajukan gagal terus,1,membantu tolak disuruh nunggu nunggu ditolak tunggakan giliran disuruh nunggu nunggunya mending nunggu berniat membantu tolak merah raportku hilangkan limitnya dimunculkan giliran diajukan gagal,negatif
say sangat terbantu oleh seanbank aplikasi sangat simpel dan mudah difahami tidak ada iklan proses transaksi juga cepat,4,terbantu seanbank aplikasi simpel mudah difahami iklan proses transaksi cepat,positif
"ganti no HP susah, aplikasi error gaada solusi dr seabank. uninstall. aplikasi kalau udah mulai banyak yg pakai jadi banyak tingkah",1,ganti susah aplikasi error gaada solusi uninstall aplikasi pakai tingkah,negatif
aplikasi bagus mudah di gunakan .tapi sayangya blm muncul seanbk pijam .padahal dah bayak saya ber transaksi di seanbk .,5,aplikasi bagus mudah sayangya muncul seanbk pijam bayak transaksi seanbk,netral
"Opsinya komplit, pemakaiannya mudah dan simpel. Aplikasinya juga ringan.",5,opsinya komplit pemakaiannya mudah simpel aplikasinya ringan,positif
untuk aplikasinya bagus dan aman untuk yng masih pemula di pelajari dulu dan dipahami agar tidak terjadi kesalahan terima kasih,5,aplikasinya bagus aman pemula pelajari dipahami kesalahan terima kasih,netral
sangat terbantu dengan ada nya seabank. ga perlu repot-repot mikirin mana aplikasi dengan admin termurah. karna seabank ga pake admin pembayaran. mantap,5,terbantu repotrepot mikirin aplikasi admin termurah karna pake admin pembayaran mantap,positif
"baru pertama x pke aplikasi seabank, transaksi nya cepat, bebas biaya adm ke semua bank. seabank mantap ðŸ‘ðŸ‘",5,aplikasi transaksi cepat bebas biaya mantap,positif
"free admin untuk semua bank, bisa top up kmn aja, simple, proses cepat, semoga selalu seperti itu.",5,free admin simple proses cepat semoga,positif
ini SEABANK bagus cuma setiap login ada kendala sistem terus apk harus di update padahal apk udh versi yg terbaru,2,bagus kendala sistem update versi terbaru,netral
"sip sangat detail teratur dengan baik di apps ini, mantap betul,bebas iklan,bug,ataupun lemot,enak ketika dijalankan & mengakses semua menu2nya. Tapi di sayangkan sering ketika dipakai terkadang agak"" sulit membukanya pas saat koneksi lagi jelek/ tidak stabil, terkadang loadingnya lambat banget dan cuma berputar putar ajah, mungkin cuma hal seperti yang biasa terjadi di apps ini dan yang lain-lainnya sesuai pengalaman semua transaksi lancar, teman"" bisa tf/top up sesukamu.",5,detail teratur apps mantap bebas iklan lemot enak dijalankan mengakses menunya sayangkan dipakai terkadang sulit membukanya koneksi jelek stabil terkadang loadingnya lambat banget berputar putar ajah apps lainlainnya sesuai pengalaman transaksi lancar teman tftop sesukamu,netral
sudah 2x saya mengalami kejadian transfer ke rekening seabank tetapi saldo tidak masuk namun tercatat di mutasi keluar di bank pengirim. perbaiki sistem kalian krn saya sdh 2x mengalami hal yg sama di seabank jangan jd pihak yg merugikan,1,mengalami kejadian transfer rekening saldo masuk tercatat mutasi pengirim perbaiki sistem mengalami merugikan,negatif
"aplikasi yang sangat memudahkan dalam bertransaksi + meninggalkan uang disini bisa mendapatkan bunga 2.5% pertahun, sangat membantu walaupun hasilnya sedikit but it's ok",5,aplikasi memudahkan bertransaksi meninggalkan uang bunga pertahun membantu hasilnya,positif
"pakai seabank mantap pisan transaksi apapun gratis cepat dan aman, saldo bukannya berkurang malah dapet bonus setiap harinya luar biasa",5,pakai mantap pisan transaksi apapun gratis cepat aman saldo berkurang dapet bonus harinya,positif
"sejauh ini bagus banget, trf kemanapun selalu free biaya admin, mutasi mbanking nya sangat mudah di pahami, mungkin next bisa diperbaiki aja gangguan kalo mau kirim ke d4na karena kadang lg urgent tapi gabisa ad gangguan, but so far sea bank always good for me âœ¨",5,bagus banget kemanapun free biaya admin mutasi mbanking mudah pahami next diperbaiki gangguan kirim kadang urgent gangguan always good,netral
sebuah terobosan yg bagus aplikasi bank online yg mudah dan aman untuk semua penggunanya. Sea Bank Emang Keren.,5,terobosan bagus aplikasi online mudah aman penggunanya emang keren,positif
"semua oke, kecuali log in dengan fingerprint di shopee sering error (touch id verify failed) dan otomatis nonaktif dengan sendirinya, padahal fingerprint nya benar (centang hijau)",3,kecuali fingerprint shopee error touch verify failed otomatis nonaktif fingerprint centang hijau,netral
"mau daftar, tapi otp tidak dikirim sampai berkali kali, sudah ganti nomor tetap tidak dikirim, daftar pakai akun shoope tetap nggak bisa",4,daftar dikirim berkali ganti nomor dikirim daftar pakai akun shoope,negatif
"keren, semoga aplikasi nya tetap ringan gak lemot dan berat... tingkatkan lagi untuk pengguna agar tetap semakin nyaman dan aman...",5,keren semoga aplikasi ringan lemot berat tingkatkan pengguna nyaman aman,netral
kita dapat tarik tunai di indomaret terdekat dan gratis pajak 5 kali tiap awalbulan harusnya jangan kelipatan 50k karena kadang saldo kita nanggung paling ngak 50k keatas masih oke,5,tarik tunai indomaret terdekat gratis pajak awalbulan kelipatan kadang saldo nanggung ngak keatas,netral
"gimana sii seabank mau kirim uang malah uangnya tidak masuk udah 24 jam lebih. 300 ribu termasuk banyak komplain email, tlfn dll tapi disuruh nunggu terus, nunggu sampe kapan???? kecewa sekali sama seabank yang lain hati hati!!!! jaminan keamanan nya gimana sih besok lagi gak mau pake seabank",1,gimana kirim uang uangnya masuk ribu komplain email tlfn disuruh nunggu nunggu sampe kecewa hati hati jaminan keamanan gimana besok pake,negatif
"aplikasi bagus cocok buat sehari hari, cuma kadang terkendala susah masuk semoga bisa lebih di tingkatkan lagii selebihnya baguss",4,aplikasi bagus cocok sehari kadang terkendala susah masuk semoga tingkatkan lagii selebihnya baguss,netral
"saya mencoba apk ini, mohon maaf memang harus sedetail ituh ya kalaw mau pakek nie apk, ribet dan mencurigakan masa sampai nama ibu kandung harus di cantumin kek apk warisan ajjðŸ˜¤ðŸ˜¤ðŸ˜¤ prosedur bikin ngeri dach daftar pula karna kepo walau belum lengkap. trimakasiih",1,mencoba mohon maaf sedetail ituh kalaw pakek ribet mencurigakan nama kandung cantumin warisan prosedur bikin ngeri dach daftar karna kepo lengkap trimakasiih,negatif
"Aplikasinya Perfect Dengan Fitur"" Yang Lengkap Serta mudah di Pahami serta memberi Keuntungan bagi si Pengguna Aplikasi ini.",5,aplikasinya perfect fitur lengkap mudah pahami keuntungan pengguna aplikasi,positif
"udah 3 kali tidak bisa menggunakan fitur pinjaman padahal sudah lama pakai aplikasi ini bagus, gak tau kenapa cuma gara2 telat bayar shoope itu pun sudah terselesaikan, uda lah kalo itu mending uninstall aj.",2,fitur pinjaman pakai aplikasi bagus gara telat bayar shoope terselesaikan mending uninstall,negatif
"Masa iya sekelas bank basisnya udah bukan bank kecil lagi, peretasan gampang banget jebol. duit ilang gitu aja, niat nabung malah lenyap. tanggung lu pada gada. sampah",1,sekelas basisnya peretasan gampang banget jebol duit ilang gitu niat nabung lenyap tanggung gada sampah,negatif
"Sejauh ini bank digital yang paling bermanfaat buat sehari hari, Transfer topup gratis, mau nabung juga dapat bunga harian, Mau belanja udh gabung sama shopee ,. pokoknya all in one",5,digital bermanfaat sehari transfer topup gratis nabung bunga harian belanja gabung shopee pokoknya,positif
Dari aplikasi Walet Sebelah aku beralih ke SEABANK karna menurutku lebih simpel ga ribet dan yang penting jarang Ada gangguan selama aku pakai aplikasi seabank,5,aplikasi walet sebelah beralih karna menurutku simpel ribet jarang gangguan pakai aplikasi,positif
"kendala login, sama layanan costumer service buruk susah dihubungi, minta solusi malah dipersulit, aplikasi yang sangat buruk.",1,kendala layanan costumer service buruk susah dihubungi solusi dipersulit aplikasi buruk,negatif
"aplikasi yg sangat bagus buat aku nabung sma nyimpen uang Alhamdulillah aman aman aja, pokoknya aplikasi yg cocok buat yg mls megang uang, serunya lagi aplikasi ini terhubung dengan aplikasi Oren jdi bisa blnja gercep,",5,aplikasi bagus nabung nyimpen uang alhamdulillah aman aman pokoknya aplikasi cocok megang uang serunya aplikasi terhubung aplikasi oren blnja gercep,positif
selama ini ini saya menggunakan nya tidak ada masalah .. saya berharap agar apk seabnk juga menyediakn instrumen untuk pembelian saham bukan hanya berfokus pada deposito saja.,3,berharap seabnk menyediakn instrumen pembelian saham berfokus deposito,netral
"penggunaan nya gampang cepat fitur-fitur nya simple mudah di pahami dan gratis pula, terimakasih sea Bank ðŸ™",5,penggunaan gampang cepat fiturfitur simple mudah pahami gratis terimakasih,positif
"sangat menyenangkan pake seabank, ga ada biaya admin .. mudah cepat dan sgt membantu sgt rekomend bgt deh aku suka ...suka banget",5,menyenangkan pake biaya admin mudah cepat membantu rekomend banget suka suka banget,positif
Dlm beberapa hari sdh LBH dari 10 kali sy mendaftar pakai nomor hp. Dan tak sekalipun KODE OTP sy terima..ðŸ‘Ž Kayaknya aplikasi ini gak niat cari nasabah..,2,mendaftar pakai nomor kode terima kayaknya aplikasi niat cari nasabah,negatif
"Aplikasi SeaBank sangat membantu saya dalam mengelola keuangan sehari-hari. Fitur tabungan dan transfernya mudah digunakan, cepat, dan transparan. Saya berharap ke depannya bisa mendapatkan akses ke fitur SeaBank Pinjam, karena akan sangat bermanfaat untuk mendukung kebutuhan usaha dan keuangan saya. Semoga SeaBank terus berkembang dan memberikan pelayanan terbaik bagi nasabah setia seperti saya.â˜ºï¸ðŸ™",5,aplikasi membantu mengelola keuangan seharihari fitur tabungan transfernya mudah cepat transparan berharap depannya akses fitur pinjam bermanfaat mendukung kebutuhan usaha keuangan semoga berkembang pelayanan terbaik nasabah setia,positif
selama saya menggunakan seabank transferan masuk dan keluar lancar tidak ada kendala atau delay + gratis transfer ...terima kasih seabank..,5,transferan masuk lancar kendala delay gratis transfer terima kasih,positif
"apk bagus cs. y juga gercep pelayanan.y klw ada pengaduan selalu d bantu, pitur2 nya jga gampang d cerna smga kdepan.y jga selalu memuaskan pengguan ya ka",5,bagus gercep pelayanany pengaduan bantu pitur gampang cerna smga kdepany memuaskan pengguan,positif
Saya kecewa karena hadiah tidak di acak secara online live kesannya hanya untuk orang orang elit dunia perbankan Indonesia tidak ada hadiah undian nyata yang bisa merubah nasib kaum bawah.,3,kecewa hadiah acak online live kesannya orang orang elit dunia perbankan indonesia hadiah undian nyata merubah nasib kaum,negatif
"Customer service nya mantap ,, Gercep banget,,,malam malam jam 11 minta e steatment pagina langsung di acc langsung ada,,,mantap sekali min",5,customer service mantap gercep banget malam malam steatment pagina langsung langsung mantap,positif
"Sangat Bagus, Menyimpan Uang Aman Berapapun Jumlah nyaðŸ”, Tidak ada kendala sedikitpun. Biarlah Bintang Yang Berbicara ðŸ˜‡",5,bagus menyimpan uang aman kendala sedikitpun biarlah bintang berbicara,positif
"Pembayaran ngga telat, tapi ngga bisa minjam lagi selalu ditangguhkan 30hari. elaaah minus banget skrg aplikasi seabank",2,pembayaran ngga telat ngga minjam ditangguhkan elah minus banget skrg aplikasi,negatif
"sea bank keren sekali,, ga ada biaya admin, malah kalo nabung dapet bunga harian,, mantap",5,keren biaya admin nabung dapet bunga harian mantap,positif
aplikasi isinya error terus padahal ngga ngapa ngapain kok bisa aktivitas di blokir astaga saldo saya di sana semuaa pliss min jangan dikit sikit eror di sini nyari uang susah buat nyimpennya astaga,3,aplikasi isinya error ngga ngapa ngapain aktivitas blokir astaga saldo semuaa pliss dikit sikit eror nyari uang susah nyimpennya astaga,negatif
seabank sangat cocok buat penyimpanan uang karena data nya aman ketika ada transaksi masuk harus pake muka,4,cocok penyimpanan uang data aman transaksi masuk pake muka,positif
Saya suka pakai seabank karena gk ada biaya admin buat TF tapi cuma mau ngasih saran saja klu bisa untuk tarik tunai jangan cuma di indomaret saja.Saya sudah 2 kali datang ke indomaret tp tdk bisa tarik tunai dgn alasan belum ada uangnya.Sekali lagi tolong utk tarik tunai jangan cuma diindomaret sajaðŸ™ðŸ™,4,suka pakai biaya admin ngasih saran tarik tunai indomaret sajasaya indomaret tarik tunai alasan uangnyasekali tolong tarik tunai diindomaret,positif
"cs nya tidak dapat menyelesaikan masalah kendala login, dihubungi berkali kali tetap tidak terselesaikan hanya membuang pulsa yang banyak.",3,menyelesaikan kendala dihubungi berkali terselesaikan membuang pulsa,negatif
"mau daftar nunggu otp nya ga pernah muncul muncul dah beberapa kali coba , coba kasih 2 pilihan otp via SMS atau email kah ,sudah beberapa hari ini saya coba tetap otp via SMS tidak pernah sampai padahal jaringan lagi bagus",2,daftar nunggu muncul muncul coba coba kasih pilihan email coba jaringan bagus,negatif
"Baru di coba. MudahÂ² an aplikasi terbaik, tidak mudah di bobol dan di jamin OJK dan pemerintah. Maaf baru mencoba dan bisa memberi bintang 4. Dan saya sudah menggunakan aplik ini beberapa Minggu. Dan saya juga posting ke beberapa sosmed agar banyak org lain memakai aplikasi ini. Saya juga sudah mengikuti beberapa promonya. Semoga promonya bisa saya dpt kan dgn hadiah dan bkn sekedar iklan dan penipuan anganÂ² belaka.Jika promo dan hadiah saya dapatkan, saya penuhi dgn 5 bintang (Full Five Stars)",4,coba mudah aplikasi terbaik mudah bobol jamin pemerintah maaf mencoba bintang aplik minggu posting sosmed memakai aplikasi mengikuti promonya semoga promonya hadiah sekedar iklan penipuan angan belakajika promo hadiah dapatkan penuhi bintang full five stars,positif
Kecewa....disaat urgen mau byr pake qris tibaÂ² gk bsa msuk loading trs dgn keterangan lg pemeliharaan sistem. aneh pemeliharaan sistem kok sore...seharusnya pemeliharaan sistem tengah malam bkn di sore hari.,2,kecewa disaat urgen pake qris msuk loading keterangan pemeliharaan sistem aneh pemeliharaan sistem sore pemeliharaan sistem malam sore,negatif
"sy tak ada tagihan yang lewat jatuh tempo, bayarnya tepat waktu. masih ada limit tapi tak bisa dicairkan. percuma saja pinjem di sini.",4,tagihan jatuh tempo bayarnya limit dicairkan pinjem,negatif
"saat ini sea bank sangat membantu, apalagi dalam hal transfer ke semua bank dan e-walet lain masih gratis, semoga amanah ya seabank, uang saya jangan sampai mines apalagi hilang.",4,membantu transfer ewalet gratis semoga amanah uang mines hilang,positif
"sangat membantu untuk pembayaran,, tagihan, sangat simpel,, dan sangat mudah digunakan",4,membantu pembayaran tagihan simpel mudah,positif
"mudah dipakai, simpel buat transfer, terhubung dengan shopee...",4,mudah dipakai simpel transfer terhubung shopee,positif
Alhamdulillah ngebantu bgt buat transaksi atau transfer dan utama nya itu selalu gratis,4,alhamdulillah ngebantu banget transaksi transfer utama gratis,positif
Sangt bagus dan ga ribet terkadang ada kendala ketika memasukan pin tp pelayanan nya sangt bagus good job,4,sangt bagus ribet terkadang kendala memasukan pelayanan sangt bagus good,positif
"kenapa sih sekarang pengajuan seabank pinjam susah banget cair nya, gak kayak dulu. padahal pembayaran selalu ontime tidak pernah telat",2,pengajuan pinjam susah banget cair kayak pembayaran ontime telat,negatif
"sangat mudah digunakan, dan bebas biaya admin smpai ke manapun... selalu seperti itu yaaaa â™¥ï¸",4,mudah bebas biaya admin smpai manapun,positif
"sangat menyenangkan menggunakan apk seabank,semoga bisa menjaga tabungan para pengguna apk ini..Dan bisa memberikan hadiah""lainnya",4,menyenangkan semoga menjaga tabungan pengguna hadiah,positif
"Aplikasi ini sangat membantu sekali, dan sangat bagus, dan di jamin aman",4,aplikasi membantu bagus jamin aman,positif
"Saya kecewa dengan sistem login SeaBank. Saya sudah yakin banget dengan password yang saya masukkan karena sudah saya catat, tapi tetap dibilang salah. Saya ulang berkali-kali tetap gagal, padahal password-nya benar. Akhirnya saya harus reset password lagi padahal itu merepotkan dan bikin malas. Tolong perbaiki sistem login-nya agar lebih responsif dan akurat. Jangan sampai bikin pengguna yang udah niat nabung malah jadi kesel.",3,kecewa sistem banget password masukkan catat dibilang salah ulang berkalikali gagal passwordnya reset password merepotkan bikin malas tolong perbaiki sistem loginnya responsif akurat bikin pengguna niat nabung kesel,negatif
"sangat kecewa sekali , pelunasan di awal waktu malah tidak bisa pencairan di pinjaman berikutnya sangat sangat kecewa",1,kecewa pelunasan pencairan pinjaman kecewa,negatif
"mohon ditingkatkan untuk jaringanya, padahal pakai wifi sinyal bagus malah gabisa dibuka",2,mohon ditingkatkan jaringanya pakai wifi sinyal bagus dibuka,negatif
"seabank keren, TF gratis kesemua bank,. bunga hariannya juga tak kalah kerennya",4,keren gratis kesemua bunga hariannya kalah kerennya,positif
aplikasi yg bagus untuk di gunakan untuk bertransaksi dimana pun dan kapan pun,4,aplikasi bagus bertransaksi dimana,positif
"Bagus bgt aplikasinya, kalau nyimpen uang dapat bonus dan juga gratis TF ke semua bank",4,bagus banget aplikasinya nyimpen uang bonus gratis,positif
"semoga bisa membantu ,dlm bertransaksi,lebih gampang dan banyak gratisannya.",4,semoga membantu bertransaksi gampang gratisannya,positif
"kecewa, sudah puas make sea bank transaksi lancar terus, tapi baru kali ini saya top up saldo malah ga masuk uang saya",1,kecewa puas make transaksi lancar saldo masuk uang,negatif
seabank penipu uang di rekening tiba tiba ilang tanpa sebab di rekening di cek di riwayat transaksi juga gak ada lebih baik pikir pikir lagi klo mau pakai seabank ku kira cuman angota DPR yang korupternyata seabank juga lebih baik uninstal,1,penipu uang rekening ilang rekening riwayat transaksi pikir pikir pakai cuman angota korupternyata uninstal,negatif
"ini kenapa ko saya topup dana,tapi dananya tidak ada masuk2. padahal dari pengirim udah terpotong saldonya. tolong dibantu",3,topup dana dananya masuk pengirim terpotong saldonya tolong dibantu,negatif
"gajelas, kode otp ga masuk masuk, malah disuruh nunggu 24 jam baru bisa login lagi, apk sampah",1,gajelas kode masuk masuk disuruh nunggu sampah,negatif
transfer bagus cepat mudah dan tanpa biaya .Yang penting memuaskan,3,transfer bagus cepat mudah biaya memuaskan,positif
"apk ga guna,saldo di tahan secara tiba"" ,di chat cs,atau tlpon cs selalu blng lgi di proses ,udah nunggu 1 minggu juga ga balik kan tolol",1,saldo tahan chat tlpon blng proses nunggu minggu tolol,negatif
sampai kapanpun apk sampah ini gak akan laku kode otp tidak pernah muncul juga,1,sampah laku kode muncul,negatif
"untuk sekarang cukup membantu,dan mudah2an untuk ke amanan nya lebih d tingkatkan",3,membantu mudahan amanan tingkatkan,positif
"tingkat keamanan rendah sama dengan shopee, segala aplikasi digital yg bjsa dibuka pada saat menelepon itu bahaya karena saya korban penipuan, apalagi orang awam seperti saya, saya baru sadar dan belajar setelah tertipu",1,tingkat keamanan rendah shopee aplikasi digital bjsa dibuka menelepon bahaya korban penipuan orang awam sadar belajar tertipu,negatif
"good, aplikasi ini sangat membantu dan mudah di oprasikan, sangat rekomended",4,good aplikasi membantu mudah oprasikan rekomended,positif
"hadeh nge bug Mulu, gw lagi transaksi pembayaran gk bisa ngapa ngapain",1,hadeh mulu transaksi pembayaran ngapa ngapain,negatif
